t_dat,customer_id,article_id,price
2020-01-11,U00476,1000025,83.88
2020-11-11,U00405,1000037,17.93
2020-05-27,U00241,1000178,83.12
2020-12-16,U00229,1000157,5.49
2020-02-01,U00131,1000055,83.49
2020-09-24,U00311,1000135,44.79
2020-05-08,U00154,1000031,9.49
2020-07-21,U00406,1000159,47.97
2020-02-27,U00463,1000127,61.09
2020-01-21,U00263,1000147,27.74
2020-03-10,U00219,1000000,62.79
2020-04-19,U00213,1000047,67.45
2020-02-17,U00499,1000092,11.36
2020-09-18,U00259,1000129,57.09
2020-07-28,U00240,1000011,64.75
2020-06-09,U00382,1000004,38.57
2020-02-12,U00123,1000187,66.77
2020-02-25,U00297,1000188,76.13
2020-03-02,U00180,1000139,36.82
2020-11-06,U00425,1000199,69.36
2020-12-16,U00323,1000046,81.28
2020-02-23,U00397,1000117,8.48
2020-04-02,U00405,1000051,88.26
2020-06-10,U00263,1000101,97.98
2020-09-16,U00129,1000009,75.81
2020-04-10,U00182,1000199,9.49
2020-11-11,U00139,1000031,80.14
2020-07-13,U00380,1000112,89.1
2020-07-11,U00498,1000047,51.64
2020-08-12,U00473,1000132,30.07
2020-02-24,U00217,1000020,45.48
2020-03-18,U00150,1000082,14.64
2020-06-22,U00151,1000078,46.92
2020-12-14,U00085,1000176,46.73
2020-08-02,U00372,1000090,62.8
2020-07-09,U00327,1000014,12.05
2020-11-13,U00186,1000131,80.3
2020-11-06,U00487,1000007,18.42
2020-10-22,U00400,1000112,8.27
2020-02-08,U00398,1000165,39.43
2020-07-19,U00016,1000154,19.42
2020-08-12,U00190,1000113,76.73
2020-10-05,U00271,1000093,42.42
2020-11-09,U00127,1000029,7.44
2020-03-16,U00265,1000099,90.87
2020-02-09,U00396,1000066,71.18
2020-04-20,U00146,1000177,91.15
2020-08-07,U00062,1000034,85.17
2020-08-06,U00460,1000182,46.84
2020-02-26,U00349,1000081,67.78
2020-12-03,U00281,1000138,32.29
2020-05-28,U00080,1000182,71.7
2020-12-21,U00089,1000092,52.82
2020-02-07,U00405,1000035,27.25
2020-08-01,U00184,1000141,58.79
2020-08-26,U00282,1000033,62.52
2020-02-03,U00158,1000101,98.96
2020-12-16,U00269,1000105,77.3
2020-10-03,U00064,1000081,65.38
2020-08-15,U00348,1000132,37.38
2020-09-21,U00300,1000046,77.17
2020-03-14,U00257,1000014,83.15
2020-09-05,U00155,1000042,20.22
2020-12-08,U00177,1000132,89.12
2020-02-09,U00100,1000162,94.9
2020-05-05,U00320,1000077,62.76
2020-02-17,U00328,1000043,60.63
2020-10-05,U00087,1000168,63.7
2020-10-11,U00431,1000144,8.87
2020-01-03,U00023,1000164,77.48
2020-05-21,U00107,1000196,58.78
2020-10-21,U00015,1000127,88.57
2020-09-10,U00328,1000077,50.4
2020-11-13,U00152,1000116,11.86
2020-01-06,U00225,1000106,50.52
2020-04-11,U00310,1000036,34.38
2020-12-11,U00375,1000088,96.69
2020-03-25,U00189,1000131,57.8
2020-06-08,U00238,1000031,30.14
2020-04-05,U00049,1000012,32.28
2020-07-28,U00315,1000107,28.34
2020-03-27,U00167,1000147,72.79
2020-04-25,U00081,1000127,98.62
2020-08-16,U00450,1000078,51.75
2020-02-13,U00258,1000117,95.87
2020-04-19,U00180,1000012,9.75
2020-08-20,U00451,1000167,68.22
2020-05-18,U00004,1000027,45.51
2020-05-24,U00187,1000195,42.91
2020-01-13,U00026,1000145,57.81
2020-06-18,U00147,1000018,41.32
2020-08-25,U00281,1000071,82.58
2020-10-22,U00312,1000030,17.09
2020-02-13,U00191,1000086,57.44
2020-06-25,U00073,1000050,61.63
2020-07-17,U00020,1000011,8.66
2020-12-11,U00411,1000121,53.82
2020-03-20,U00457,1000131,18.14
2020-10-11,U00083,1000100,98.12
2020-12-27,U00153,1000151,36.62
2020-09-18,U00250,1000181,57.91
2020-08-27,U00008,1000094,36.14
2020-02-14,U00298,1000078,79.89
2020-12-28,U00352,1000161,7.5
2020-08-09,U00495,1000167,78.59
2020-10-19,U00116,1000184,9.83
2020-08-06,U00268,1000161,72.79
2020-07-05,U00420,1000174,27.77
2020-10-23,U00056,1000048,6.78
2020-06-14,U00077,1000105,69.91
2020-07-17,U00396,1000156,91.53
2020-12-24,U00031,1000180,17.98
2020-04-18,U00166,1000169,49.97
2020-07-11,U00489,1000044,48.21
2020-09-11,U00279,1000090,68.53
2020-12-22,U00329,1000177,29.85
2020-08-07,U00490,1000063,31.23
2020-05-08,U00482,1000076,77.49
2020-12-07,U00353,1000180,50.97
2020-08-12,U00286,1000184,30.71
2020-02-19,U00346,1000139,40.69
2020-07-27,U00176,1000197,80.63
2020-05-02,U00147,1000182,12.43
2020-08-21,U00131,1000191,50.03
2020-04-27,U00275,1000069,92.7
2020-12-09,U00070,1000027,62.87
2020-10-08,U00124,1000012,67.96
2020-09-08,U00326,1000059,9.93
2020-07-11,U00367,1000120,14.45
2020-03-01,U00493,1000140,96.92
2020-03-14,U00334,1000121,49.88
2020-04-25,U00493,1000073,35.19
2020-11-02,U00464,1000196,13.41
2020-10-08,U00273,1000189,72.97
2020-01-06,U00213,1000045,92.79
2020-01-27,U00203,1000126,22.51
2020-12-28,U00474,1000074,87.41
2020-01-10,U00290,1000154,15.09
2020-06-10,U00232,1000164,56.07
2020-08-05,U00435,1000129,48.99
2020-04-26,U00057,1000084,20.27
2020-08-21,U00131,1000183,22.5
2020-12-11,U00404,1000075,58.37
2020-04-06,U00312,1000163,89.32
2020-07-17,U00167,1000022,42.68
2020-02-06,U00071,1000122,35.42
2020-04-01,U00133,1000098,27.14
2020-05-11,U00154,1000149,72.95
2020-01-09,U00334,1000092,70.12
2020-01-22,U00060,1000119,33.84
2020-07-22,U00257,1000180,77.37
2020-12-04,U00327,1000075,39.55
2020-04-08,U00490,1000034,49.95
2020-08-24,U00310,1000095,44.09
2020-09-16,U00387,1000137,80.39
2020-04-25,U00126,1000174,75.95
2020-02-17,U00228,1000135,71.15
2020-02-19,U00057,1000015,82.9
2020-09-07,U00293,1000137,19.09
2020-06-28,U00266,1000113,15.93
2020-04-23,U00298,1000125,13.55
2020-09-15,U00414,1000014,47.62
2020-09-14,U00233,1000144,10.43
2020-08-22,U00413,1000078,72.99
2020-07-09,U00418,1000000,75.11
2020-10-03,U00023,1000108,37.39
2020-02-18,U00030,1000017,97.7
2020-08-02,U00146,1000104,21.92
2020-03-25,U00328,1000186,65.71
2020-07-12,U00456,1000097,47.16
2020-07-13,U00041,1000174,95.63
2020-09-05,U00334,1000089,16.15
2020-09-13,U00270,1000032,73.42
2020-04-27,U00001,1000193,7.14
2020-05-15,U00344,1000184,56.18
2020-09-13,U00421,1000058,28.27
2020-06-05,U00141,1000048,93.12
2020-12-25,U00057,1000008,81.09
2020-07-20,U00392,1000004,27.62
2020-02-04,U00304,1000008,46.97
2020-11-23,U00446,1000012,28.01
2020-01-13,U00224,1000059,55.74
2020-01-05,U00257,1000074,27.01
2020-12-19,U00163,1000147,61.2
2020-11-27,U00164,1000060,33.37
2020-03-22,U00266,1000056,43.87
2020-05-02,U00285,1000151,87.69
2020-03-21,U00347,1000109,57.25
2020-01-12,U00482,1000164,68.11
2020-09-11,U00356,1000106,43.38
2020-05-13,U00094,1000193,55.57
2020-04-28,U00115,1000076,85.61
2020-03-26,U00237,1000014,57.86
2020-07-18,U00271,1000034,41.51
2020-05-07,U00169,1000165,12.43
2020-08-28,U00189,1000023,55.35
2020-04-02,U00137,1000096,68.33
2020-10-02,U00447,1000018,22.69
2020-10-24,U00343,1000143,25.4
2020-04-28,U00464,1000085,33.5
2020-01-07,U00479,1000048,95.44
2020-02-24,U00386,1000122,90.96
2020-12-20,U00360,1000052,42.28
2020-04-18,U00164,1000198,31.61
2020-08-18,U00332,1000091,33.99
2020-06-17,U00451,1000127,48.8
2020-12-16,U00389,1000081,90.95
2020-06-11,U00211,1000011,57.88
2020-04-24,U00074,1000004,29.51
2020-10-19,U00368,1000106,32.75
2020-04-11,U00117,1000097,58.56
2020-04-16,U00281,1000167,93.69
2020-06-09,U00390,1000125,95.85
2020-11-24,U00251,1000117,20.81
2020-06-06,U00071,1000184,56.38
2020-03-18,U00328,1000015,54.25
2020-02-27,U00342,1000012,76.85
2020-07-05,U00431,1000161,26.75
2020-12-05,U00004,1000055,52.54
2020-06-02,U00316,1000163,67.67
2020-10-16,U00337,1000124,6.48
2020-09-18,U00210,1000003,6.57
2020-12-09,U00274,1000073,6.61
2020-12-22,U00220,1000045,15.06
2020-02-17,U00076,1000061,23.04
2020-09-09,U00417,1000090,30.13
2020-07-03,U00191,1000103,48.15
2020-04-23,U00115,1000076,69.3
2020-02-21,U00439,1000166,76.4
2020-02-13,U00194,1000096,56.95
2020-01-21,U00004,1000179,21.11
2020-08-28,U00222,1000165,78.73
2020-10-28,U00498,1000024,89.11
2020-01-08,U00108,1000177,88.43
2020-08-09,U00023,1000019,69.34
2020-05-18,U00288,1000168,8.09
2020-06-01,U00492,1000053,60.18
2020-12-27,U00203,1000019,33.13
2020-10-08,U00290,1000099,68.64
2020-09-11,U00196,1000193,74.54
2020-12-24,U00040,1000128,75.07
2020-06-02,U00050,1000111,26.82
2020-02-11,U00309,1000196,62.7
2020-10-13,U00496,1000198,35.68
2020-11-09,U00401,1000115,51.12
2020-06-18,U00481,1000096,45.59
2020-11-19,U00338,1000097,13.06
2020-10-10,U00408,1000063,72.03
2020-02-09,U00078,1000097,71.9
2020-11-05,U00378,1000099,34.77
2020-02-03,U00002,1000078,46.81
2020-05-04,U00067,1000022,22.61
2020-08-18,U00284,1000131,43.36
2020-01-03,U00181,1000141,13.75
2020-10-26,U00166,1000098,6.16
2020-07-13,U00398,1000021,73.14
2020-09-08,U00292,1000133,20.94
2020-07-06,U00071,1000068,33.31
2020-08-05,U00032,1000042,45.86
2020-07-10,U00247,1000019,38.95
2020-04-24,U00320,1000126,60.82
2020-04-15,U00054,1000034,33.64
2020-07-11,U00430,1000158,40.71
2020-06-15,U00171,1000110,81.65
2020-11-20,U00069,1000076,35.14
2020-12-07,U00245,1000080,21.7
2020-07-11,U00149,1000188,70.33
2020-08-19,U00400,1000062,35.63
2020-05-27,U00402,1000100,39.31
2020-10-07,U00303,1000139,21.91
2020-09-01,U00487,1000186,48.39
2020-12-07,U00224,1000074,83.14
2020-02-27,U00434,1000104,68.26
2020-03-21,U00155,1000061,28.75
2020-03-23,U00216,1000096,11.95
2020-10-16,U00298,1000102,55.23
2020-12-14,U00278,1000009,79.33
2020-06-23,U00458,1000137,60.82
2020-02-04,U00393,1000063,66.81
2020-06-06,U00331,1000156,9.16
2020-11-22,U00331,1000102,95.88
2020-06-26,U00220,1000027,5.99
2020-05-08,U00261,1000191,53.77
2020-10-23,U00294,1000056,46.9
2020-07-15,U00395,1000173,60.33
2020-09-05,U00176,1000006,50.38
2020-05-14,U00471,1000021,15.91
2020-12-05,U00178,1000079,37.25
2020-04-17,U00247,1000089,49.76
2020-08-24,U00356,1000115,34.98
2020-05-02,U00414,1000181,15.82
2020-06-21,U00055,1000173,80.2
2020-12-08,U00264,1000044,56.88
2020-06-18,U00218,1000118,26.79
2020-07-21,U00094,1000047,65.21
2020-07-13,U00014,1000188,62.73
2020-04-15,U00303,1000109,41.55
2020-12-07,U00105,1000071,75.72
2020-02-19,U00052,1000137,22.57
2020-06-07,U00234,1000029,29.66
2020-08-17,U00494,1000163,34.46
2020-07-20,U00200,1000150,15.74
2020-06-28,U00234,1000158,21.22
2020-11-23,U00409,1000076,91.36
2020-10-03,U00344,1000034,34.44
2020-04-10,U00059,1000046,40.09
2020-03-17,U00198,1000107,61.06
2020-10-13,U00216,1000047,50.75
2020-09-23,U00470,1000165,92.49
2020-03-18,U00085,1000125,32.15
2020-03-11,U00431,1000115,63.22
2020-06-01,U00248,1000034,23.34
2020-07-18,U00258,1000167,51.53
2020-11-16,U00212,1000181,83.95
2020-08-06,U00042,1000144,7.9
2020-04-10,U00016,1000070,26.14
2020-05-06,U00399,1000117,58.17
2020-08-18,U00261,1000028,58.84
2020-05-25,U00278,1000093,55.95
2020-01-25,U00368,1000112,56.36
2020-07-04,U00376,1000167,75.63
2020-05-28,U00016,1000115,29.7
2020-02-15,U00443,1000030,77.91
2020-04-07,U00415,1000188,60.26
2020-06-28,U00363,1000156,64.48
2020-03-20,U00071,1000052,81.47
2020-01-19,U00179,1000136,31.42
2020-09-06,U00165,1000180,32.51
2020-10-09,U00487,1000131,97.64
2020-11-27,U00048,1000034,95.5
2020-07-02,U00141,1000167,16.93
2020-03-08,U00074,1000182,35.28
2020-04-25,U00431,1000173,41.91
2020-03-19,U00323,1000068,64.01
2020-07-15,U00038,1000162,79.69
2020-02-13,U00263,1000191,31.15
2020-06-15,U00486,1000124,35.77
2020-01-28,U00396,1000187,13.76
2020-08-21,U00340,1000178,38.67
2020-02-26,U00273,1000101,25.48
2020-07-27,U00108,1000126,30.24
2020-05-11,U00280,1000147,17.28
2020-08-26,U00175,1000174,76.65
2020-01-04,U00320,1000117,6.53
2020-03-15,U00233,1000000,98.23
2020-07-07,U00352,1000033,87.92
2020-05-06,U00447,1000070,13.77
2020-06-09,U00042,1000095,67.46
2020-11-06,U00026,1000101,63.81
2020-12-23,U00386,1000059,45.35
2020-02-23,U00048,1000000,25.06
2020-02-05,U00303,1000057,53.83
2020-08-01,U00004,1000178,37.3
2020-02-28,U00216,1000177,17.42
2020-02-08,U00196,1000022,73.69
2020-02-04,U00160,1000094,87.81
2020-03-13,U00396,1000192,87.2
2020-11-22,U00073,1000017,54.87
2020-01-20,U00332,1000042,46.37
2020-12-07,U00321,1000191,19.23
2020-07-20,U00351,1000113,85.84
2020-02-04,U00071,1000192,16.58
2020-12-13,U00179,1000109,34.56
2020-03-08,U00141,1000165,12.92
2020-09-20,U00307,1000184,62.11
2020-12-01,U00434,1000168,87.33
2020-04-17,U00310,1000130,22.73
2020-07-10,U00330,1000013,78.68
2020-04-16,U00197,1000028,27.66
2020-11-20,U00036,1000135,88.54
2020-01-12,U00478,1000081,17.41
2020-10-14,U00187,1000139,69.2
2020-08-25,U00037,1000004,60.21
2020-01-09,U00110,1000010,91.72
2020-07-17,U00146,1000160,71.99
2020-07-14,U00359,1000102,12.75
2020-09-18,U00315,1000039,31.08
2020-05-03,U00261,1000052,96.59
2020-03-18,U00167,1000100,60.13
2020-11-22,U00329,1000016,34.16
2020-07-24,U00488,1000061,10.44
2020-02-14,U00059,1000116,62.56
2020-01-10,U00341,1000189,66.86
2020-03-04,U00006,1000181,17.9
2020-01-06,U00254,1000088,54.16
2020-12-09,U00085,1000095,16.93
2020-05-24,U00453,1000030,77.51
2020-01-11,U00413,1000109,30.57
2020-02-09,U00364,1000147,63.99
2020-08-15,U00261,1000092,10.21
2020-10-06,U00188,1000040,28.98
2020-02-19,U00345,1000185,15.84
2020-12-17,U00001,1000011,85.72
2020-01-08,U00023,1000120,39.21
2020-03-06,U00476,1000009,56.97
2020-12-24,U00335,1000107,26.1
2020-04-14,U00468,1000184,35.07
2020-02-19,U00190,1000030,52.19
2020-01-06,U00114,1000132,97.25
2020-07-03,U00449,1000119,86.41
2020-05-11,U00044,1000141,47.93
2020-06-07,U00149,1000144,78.74
2020-12-20,U00124,1000118,39.62
2020-08-25,U00397,1000050,73.85
2020-09-25,U00407,1000062,19.15
2020-07-01,U00119,1000138,37.56
2020-12-01,U00486,1000085,5.14
2020-11-13,U00434,1000188,73.36
2020-02-07,U00271,1000060,44.46
2020-01-05,U00364,1000071,13.74
2020-04-28,U00266,1000105,70.88
2020-06-15,U00498,1000191,12.98
2020-02-17,U00068,1000163,82.08
2020-02-19,U00290,1000015,45.89
2020-03-08,U00149,1000066,84.99
2020-07-23,U00425,1000188,35.67
2020-08-09,U00119,1000019,93.69
2020-03-25,U00394,1000149,15.24
2020-02-06,U00230,1000119,34.52
2020-02-18,U00183,1000197,24.52
2020-05-15,U00135,1000030,13.5
2020-11-10,U00423,1000180,70.51
2020-01-07,U00427,1000083,18.94
2020-12-08,U00495,1000091,42.25
2020-01-22,U00153,1000066,82.09
2020-03-01,U00487,1000103,85.33
2020-09-24,U00281,1000063,13.9
2020-02-26,U00406,1000035,16.42
2020-01-27,U00399,1000056,17.29
2020-07-12,U00351,1000161,93.13
2020-02-19,U00300,1000066,91.24
2020-02-01,U00033,1000050,89.83
2020-08-26,U00065,1000023,90.08
2020-06-04,U00021,1000118,9.76
2020-10-14,U00420,1000185,42.13
2020-01-13,U00349,1000109,21.24
2020-04-06,U00140,1000071,46.93
2020-03-02,U00314,1000158,63.0
2020-11-10,U00255,1000105,87.98
2020-08-02,U00044,1000071,41.0
2020-07-07,U00329,1000134,28.42
2020-09-26,U00009,1000097,78.5
2020-06-16,U00278,1000124,37.34
2020-10-17,U00164,1000099,30.42
2020-01-11,U00305,1000056,7.75
2020-05-02,U00414,1000120,54.77
2020-10-08,U00498,1000040,14.41
2020-11-08,U00136,1000136,81.73
2020-12-02,U00391,1000056,59.12
2020-07-12,U00478,1000044,21.55
2020-10-11,U00412,1000188,70.58
2020-10-01,U00360,1000179,38.06
2020-10-19,U00072,1000144,94.15
2020-08-18,U00158,1000044,51.1
2020-02-02,U00119,1000154,25.57
2020-09-16,U00000,1000084,91.28
2020-04-26,U00066,1000087,72.39
2020-06-02,U00011,1000037,60.14
2020-03-25,U00056,1000134,85.9
2020-02-12,U00360,1000169,42.19
2020-02-11,U00154,1000082,17.83
2020-03-24,U00485,1000111,79.43
2020-08-21,U00162,1000044,71.48
2020-09-23,U00455,1000157,78.98
2020-04-22,U00301,1000044,40.57
2020-12-23,U00150,1000032,21.7
2020-01-23,U00485,1000146,41.81
2020-10-02,U00093,1000154,34.91
2020-10-08,U00327,1000144,14.79
2020-08-05,U00169,1000190,12.31
2020-06-11,U00085,1000162,88.22
2020-02-27,U00362,1000171,65.08
2020-06-15,U00005,1000067,24.71
2020-12-03,U00179,1000065,78.98
2020-12-01,U00024,1000098,46.19
2020-07-06,U00452,1000105,51.35
2020-07-12,U00279,1000096,14.53
2020-08-26,U00442,1000147,66.19
2020-11-08,U00083,1000115,11.93
2020-01-10,U00010,1000081,29.55
2020-02-03,U00175,1000043,88.47
2020-03-24,U00038,1000140,93.53
2020-02-11,U00304,1000157,88.96
2020-12-01,U00220,1000167,20.51
2020-07-06,U00027,1000025,36.12
2020-04-14,U00356,1000141,72.87
2020-12-18,U00135,1000169,31.46
2020-04-04,U00025,1000100,58.75
2020-08-05,U00027,1000092,5.36
2020-02-10,U00421,1000169,63.76
2020-08-07,U00049,1000006,24.45
2020-11-10,U00041,1000121,84.31
2020-05-26,U00203,1000120,50.98
2020-11-09,U00046,1000164,56.15
2020-03-12,U00453,1000097,39.72
2020-08-02,U00134,1000112,48.72
2020-04-27,U00137,1000144,10.79
2020-12-22,U00049,1000021,67.81
2020-09-14,U00497,1000193,60.43
2020-09-02,U00430,1000099,81.93
2020-07-18,U00351,1000121,58.84
2020-04-16,U00153,1000020,42.11
2020-12-02,U00257,1000146,89.64
2020-10-22,U00317,1000037,16.31
2020-08-06,U00485,1000042,96.38
2020-04-05,U00021,1000108,12.37
2020-11-14,U00103,1000160,18.9
2020-10-09,U00163,1000186,90.93
2020-02-03,U00198,1000142,42.35
2020-06-28,U00141,1000133,48.07
2020-01-26,U00358,1000159,60.23
2020-07-04,U00212,1000038,18.93
2020-10-19,U00388,1000025,91.94
2020-10-25,U00051,1000073,86.54
2020-06-14,U00135,1000098,66.55
2020-10-20,U00242,1000009,21.19
2020-07-05,U00316,1000155,69.0
2020-07-02,U00202,1000084,69.91
2020-01-24,U00243,1000068,89.32
2020-01-11,U00418,1000077,34.23
2020-08-28,U00356,1000175,14.23
2020-04-05,U00153,1000190,46.65
2020-06-09,U00373,1000106,61.87
2020-02-07,U00226,1000054,90.86
2020-07-24,U00248,1000194,53.55
2020-06-27,U00028,1000131,79.4
2020-02-10,U00363,1000129,42.92
2020-09-19,U00014,1000044,23.12
2020-04-27,U00029,1000063,8.11
2020-01-12,U00360,1000050,30.75
2020-08-17,U00203,1000162,91.77
2020-11-01,U00123,1000095,50.95
2020-08-06,U00491,1000121,60.17
2020-06-12,U00083,1000066,75.4
2020-12-03,U00145,1000007,41.34
2020-03-28,U00292,1000199,95.7
2020-04-21,U00115,1000173,24.43
2020-11-14,U00262,1000005,86.28
2020-11-01,U00242,1000033,65.85
2020-10-26,U00004,1000057,28.72
2020-05-23,U00495,1000181,65.42
2020-07-13,U00436,1000089,48.15
2020-04-15,U00154,1000173,53.94
2020-10-13,U00299,1000026,5.69
2020-11-27,U00429,1000095,57.78
2020-10-20,U00144,1000076,69.33
2020-08-03,U00172,1000070,65.22
2020-05-09,U00335,1000182,94.51
2020-11-10,U00096,1000038,53.63
2020-04-02,U00412,1000153,42.99
2020-06-22,U00071,1000184,7.39
2020-08-10,U00132,1000107,43.03
2020-12-02,U00298,1000181,98.51
2020-04-11,U00371,1000182,25.9
2020-09-21,U00401,1000121,90.21
2020-11-12,U00259,1000076,84.47
2020-11-18,U00092,1000075,14.17
2020-03-24,U00132,1000185,80.98
2020-03-22,U00460,1000085,66.52
2020-04-12,U00114,1000190,86.91
2020-07-26,U00454,1000084,39.94
2020-10-10,U00237,1000030,49.23
2020-11-19,U00297,1000158,11.69
2020-04-17,U00061,1000174,40.88
2020-05-14,U00027,1000038,17.91
2020-04-11,U00209,1000145,88.93
2020-08-05,U00161,1000183,21.95
2020-02-16,U00170,1000161,97.74
2020-06-21,U00029,1000001,47.49
2020-04-25,U00396,1000043,59.17
2020-03-16,U00402,1000195,78.3
2020-03-20,U00222,1000162,45.36
2020-07-16,U00196,1000001,8.55
2020-04-24,U00191,1000003,88.85
2020-09-07,U00009,1000173,5.39
2020-12-08,U00115,1000177,87.44
2020-05-05,U00052,1000098,52.31
2020-05-06,U00033,1000011,33.03
2020-05-15,U00372,1000133,61.06
2020-06-14,U00454,1000175,98.57
2020-06-16,U00183,1000192,22.71
2020-07-01,U00116,1000057,73.35
2020-03-07,U00375,1000005,60.43
2020-03-04,U00187,1000182,66.15
2020-01-13,U00448,1000163,29.04
2020-09-20,U00024,1000152,98.5
2020-11-04,U00334,1000005,9.53
2020-02-14,U00227,1000097,16.62
2020-05-16,U00359,1000039,24.32
2020-11-21,U00004,1000077,44.56
2020-02-22,U00266,1000069,63.54
2020-12-05,U00214,1000026,53.09
2020-10-04,U00144,1000029,78.77
2020-08-07,U00311,1000051,78.13
2020-09-07,U00183,1000180,43.52
2020-03-02,U00280,1000127,90.57
2020-12-16,U00169,1000060,5.26
2020-11-03,U00464,1000028,83.51
2020-11-16,U00076,1000023,78.28
2020-02-24,U00370,1000025,90.05
2020-11-08,U00233,1000075,29.83
2020-01-04,U00416,1000044,87.17
2020-05-12,U00410,1000173,34.39
2020-12-04,U00048,1000194,88.69
2020-01-28,U00070,1000169,65.84
2020-06-12,U00457,1000112,94.78
2020-05-24,U00047,1000095,81.61
2020-03-04,U00205,1000102,95.46
2020-05-27,U00197,1000176,84.96
2020-07-21,U00453,1000042,15.63
2020-12-24,U00030,1000040,14.75
2020-10-16,U00410,1000145,68.77
2020-03-20,U00194,1000199,38.71
2020-01-28,U00350,1000186,96.5
2020-03-16,U00471,1000124,15.62
2020-07-15,U00023,1000016,29.59
2020-06-01,U00360,1000173,54.33
2020-12-19,U00370,1000144,26.05
2020-11-28,U00173,1000132,54.17
2020-12-20,U00048,1000110,67.2
2020-04-16,U00177,1000169,68.57
2020-07-05,U00429,1000142,88.85
2020-10-02,U00005,1000164,92.83
2020-09-28,U00240,1000126,86.73
2020-02-25,U00251,1000082,27.64
2020-05-02,U00259,1000057,56.75
2020-07-13,U00418,1000060,12.41
2020-08-26,U00293,1000114,13.27
2020-08-15,U00161,1000030,97.18
2020-12-21,U00009,1000026,42.92
2020-01-18,U00281,1000000,82.64
2020-10-20,U00326,1000077,88.67
2020-09-07,U00335,1000171,47.88
2020-06-12,U00422,1000013,81.76
2020-08-11,U00286,1000196,63.26
2020-08-23,U00336,1000093,72.3
2020-02-04,U00388,1000168,25.84
2020-06-12,U00424,1000162,95.66
2020-05-18,U00267,1000095,71.0
2020-01-06,U00252,1000035,82.25
2020-12-24,U00209,1000027,28.9
2020-04-07,U00061,1000100,25.27
2020-04-23,U00173,1000027,76.17
2020-01-21,U00428,1000172,60.35
2020-08-15,U00337,1000150,94.88
2020-03-16,U00002,1000135,74.2
2020-09-14,U00429,1000149,50.4
2020-09-25,U00471,1000045,70.03
2020-03-24,U00417,1000032,14.73
2020-11-20,U00310,1000082,52.39
2020-07-14,U00311,1000177,76.66
2020-05-13,U00493,1000087,96.23
2020-08-26,U00068,1000035,43.8
2020-12-24,U00262,1000076,84.25
2020-09-28,U00160,1000182,74.26
2020-09-21,U00111,1000051,24.71
2020-12-10,U00351,1000088,91.59
2020-03-23,U00332,1000045,52.37
2020-12-21,U00165,1000181,15.85
2020-06-18,U00245,1000149,58.64
2020-11-23,U00213,1000172,75.3
2020-09-10,U00449,1000108,80.98
2020-09-04,U00012,1000097,18.66
2020-11-02,U00102,1000068,75.52
2020-03-10,U00349,1000064,18.76
2020-01-23,U00401,1000075,24.18
2020-09-02,U00183,1000115,14.63
2020-11-24,U00287,1000057,74.79
2020-09-13,U00121,1000130,78.72
2020-12-10,U00354,1000170,9.42
2020-07-13,U00213,1000175,34.39
2020-09-02,U00006,1000190,28.63
2020-10-28,U00399,1000113,83.02
2020-11-23,U00363,1000165,39.57
2020-10-18,U00378,1000154,23.47
2020-12-07,U00150,1000114,21.68
2020-11-03,U00095,1000044,74.1
2020-02-13,U00020,1000109,31.24
2020-05-05,U00082,1000149,84.53
2020-01-11,U00238,1000181,93.12
2020-01-05,U00475,1000082,61.11
2020-11-20,U00431,1000169,33.31
2020-10-18,U00183,1000018,78.7
2020-06-17,U00112,1000047,53.94
2020-09-06,U00212,1000139,55.48
2020-02-12,U00113,1000054,67.35
2020-06-12,U00150,1000055,94.33
2020-10-17,U00243,1000143,82.43
2020-11-01,U00058,1000171,37.52
2020-04-21,U00314,1000159,27.92
2020-01-22,U00453,1000082,40.85
2020-02-13,U00131,1000138,73.05
2020-01-17,U00420,1000197,40.25
2020-09-15,U00249,1000011,32.86
2020-11-07,U00164,1000131,12.74
2020-02-06,U00497,1000197,55.57
2020-01-21,U00033,1000053,68.01
2020-04-28,U00350,1000108,83.55
2020-04-18,U00424,1000179,87.59
2020-12-25,U00222,1000165,81.77
2020-02-24,U00351,1000039,7.23
2020-12-11,U00019,1000022,11.89
2020-03-26,U00128,1000142,11.62
2020-04-09,U00208,1000099,47.41
2020-07-14,U00161,1000004,41.61
2020-02-18,U00003,1000164,72.71
2020-02-25,U00381,1000149,9.28
2020-02-12,U00475,1000128,14.98
2020-11-10,U00310,1000022,31.46
2020-08-13,U00202,1000169,7.9
2020-03-18,U00112,1000034,75.19
2020-09-10,U00491,1000162,18.54
2020-11-26,U00443,1000186,65.91
2020-01-18,U00447,1000142,18.29
2020-01-01,U00293,1000152,42.04
2020-09-03,U00156,1000053,75.34
2020-12-12,U00108,1000105,90.13
2020-09-05,U00082,1000047,25.75
2020-05-07,U00058,1000046,68.07
2020-10-28,U00027,1000192,92.64
2020-09-15,U00330,1000140,11.88
2020-11-03,U00128,1000025,23.56
2020-10-16,U00487,1000084,38.57
2020-11-21,U00120,1000025,31.8
2020-02-07,U00162,1000124,47.36
2020-10-22,U00156,1000177,59.91
2020-10-19,U00186,1000080,95.11
2020-03-01,U00160,1000063,78.85
2020-12-24,U00328,1000111,31.01
2020-06-05,U00347,1000187,36.17
2020-08-15,U00228,1000091,77.83
2020-08-18,U00055,1000044,65.68
2020-02-27,U00143,1000035,88.78
2020-04-09,U00375,1000160,12.19
2020-02-01,U00434,1000129,64.37
2020-10-19,U00207,1000196,60.46
2020-01-18,U00133,1000139,89.03
2020-09-16,U00334,1000198,18.97
2020-07-08,U00456,1000197,60.42
2020-05-05,U00237,1000128,52.98
2020-07-12,U00257,1000002,67.29
2020-10-22,U00084,1000193,53.33
2020-08-06,U00091,1000144,94.18
2020-11-28,U00495,1000037,74.18
2020-08-12,U00020,1000056,76.58
2020-04-03,U00135,1000094,27.0
2020-11-07,U00265,1000092,41.48
2020-08-02,U00020,1000166,35.46
2020-12-17,U00324,1000070,83.48
2020-05-19,U00278,1000145,21.34
2020-11-13,U00187,1000150,66.41
2020-02-17,U00128,1000096,96.43
2020-04-17,U00207,1000090,81.82
2020-06-16,U00405,1000123,88.39
2020-01-17,U00451,1000035,46.35
2020-04-03,U00263,1000164,31.4
2020-03-06,U00080,1000092,61.59
2020-02-22,U00117,1000106,81.25
2020-12-04,U00246,1000172,50.01
2020-04-19,U00082,1000165,83.34
2020-01-08,U00022,1000032,58.91
2020-03-05,U00322,1000131,8.68
2020-10-05,U00028,1000042,29.28
2020-03-17,U00490,1000103,61.34
2020-10-21,U00009,1000184,73.43
2020-05-03,U00110,1000114,62.01
2020-08-28,U00246,1000043,25.62
2020-07-20,U00073,1000149,82.12
2020-03-20,U00337,1000130,29.86
2020-12-22,U00175,1000116,61.07
2020-02-08,U00193,1000098,17.43
2020-01-07,U00267,1000129,69.33
2020-03-20,U00049,1000045,49.73
2020-10-20,U00019,1000136,52.31
2020-02-03,U00246,1000168,17.25
2020-10-18,U00423,1000000,89.32
2020-11-21,U00220,1000133,44.54
2020-01-23,U00271,1000109,26.57
2020-08-26,U00393,1000097,37.95
2020-12-25,U00428,1000178,59.16
2020-07-05,U00130,1000122,76.99
2020-02-10,U00306,1000139,43.41
2020-04-01,U00363,1000190,79.21
2020-10-17,U00060,1000133,5.68
2020-11-07,U00352,1000080,43.43
2020-02-05,U00218,1000166,60.02
2020-05-28,U00274,1000108,58.08
2020-10-09,U00348,1000101,75.97
2020-07-18,U00401,1000142,50.35
2020-06-18,U00284,1000123,28.86
2020-05-19,U00176,1000198,71.32
2020-12-05,U00437,1000168,16.19
2020-04-15,U00400,1000179,94.23
2020-02-07,U00260,1000102,78.89
2020-09-20,U00356,1000175,71.44
2020-03-13,U00493,1000162,5.5
2020-02-27,U00074,1000120,92.03
2020-07-03,U00032,1000067,25.85
2020-02-20,U00019,1000185,41.13
2020-07-20,U00335,1000133,31.93
2020-10-02,U00484,1000198,82.1
2020-11-16,U00224,1000002,23.96
2020-11-26,U00265,1000073,23.31
2020-10-17,U00264,1000178,26.78
2020-03-22,U00018,1000092,27.49
2020-01-06,U00044,1000070,78.29
2020-06-22,U00202,1000103,60.09
2020-09-01,U00377,1000180,11.45
2020-02-18,U00145,1000185,83.0
2020-10-12,U00177,1000070,26.27
2020-04-15,U00476,1000103,59.04
2020-05-06,U00208,1000129,15.01
2020-02-17,U00150,1000087,94.02
2020-09-09,U00448,1000137,81.44
2020-10-09,U00355,1000113,95.81
2020-10-16,U00394,1000062,76.2
2020-08-22,U00235,1000150,86.03
2020-08-04,U00132,1000017,40.97
2020-04-22,U00359,1000058,80.22
2020-07-12,U00264,1000137,5.91
2020-05-08,U00147,1000023,42.5
2020-12-27,U00175,1000019,57.13
2020-03-16,U00160,1000090,25.55
2020-10-09,U00093,1000191,69.21
2020-04-16,U00377,1000051,27.08
2020-04-28,U00135,1000052,26.55
2020-04-27,U00316,1000091,19.66
2020-02-04,U00471,1000020,68.53
2020-11-16,U00314,1000001,76.84
2020-09-02,U00434,1000123,39.89
2020-06-16,U00459,1000147,86.66
2020-08-06,U00391,1000130,31.35
2020-04-25,U00295,1000032,10.09
2020-07-16,U00481,1000138,8.06
2020-06-13,U00440,1000175,77.93
2020-08-04,U00357,1000132,48.25
2020-12-01,U00006,1000172,24.81
2020-10-04,U00166,1000092,62.6
2020-05-06,U00280,1000067,27.29
2020-08-20,U00175,1000093,22.29
2020-07-07,U00214,1000179,75.71
2020-06-28,U00205,1000071,47.37
2020-10-05,U00294,1000175,26.49
2020-02-24,U00138,1000060,57.2
2020-07-07,U00074,1000189,19.06
2020-01-06,U00215,1000127,17.64
2020-11-17,U00273,1000184,34.68
2020-08-10,U00128,1000143,85.7
2020-01-13,U00050,1000176,20.35
2020-04-27,U00130,1000121,83.86
2020-02-15,U00381,1000085,29.42
2020-06-18,U00285,1000065,37.35
2020-07-04,U00179,1000173,95.53
2020-04-19,U00294,1000166,66.02
2020-03-25,U00145,1000090,35.56
2020-09-16,U00396,1000188,47.01
2020-02-13,U00314,1000073,48.59
2020-03-28,U00085,1000163,80.93
2020-06-14,U00323,1000156,58.73
2020-02-03,U00082,1000087,26.45
2020-06-21,U00149,1000181,30.14
2020-11-13,U00138,1000113,78.41
2020-06-24,U00300,1000133,95.76
2020-07-06,U00094,1000005,16.75
2020-04-22,U00128,1000190,70.87
2020-02-07,U00085,1000101,14.68
2020-02-16,U00280,1000013,7.48
2020-07-17,U00391,1000021,14.77
2020-10-05,U00043,1000167,92.57
2020-07-10,U00117,1000063,74.33
2020-08-21,U00064,1000033,54.51
2020-03-01,U00017,1000169,38.54
2020-06-28,U00243,1000119,96.65
2020-09-09,U00280,1000113,17.7
2020-12-18,U00090,1000151,61.17
2020-11-24,U00325,1000144,45.89
2020-11-21,U00273,1000079,90.44
2020-08-18,U00116,1000022,46.53
2020-06-14,U00133,1000039,33.54
2020-01-17,U00417,1000194,84.71
2020-06-10,U00240,1000136,5.78
2020-08-25,U00244,1000076,5.86
2020-07-26,U00149,1000152,26.73
2020-01-18,U00191,1000048,43.7
2020-09-14,U00202,1000063,20.35
2020-12-21,U00199,1000096,25.74
2020-02-14,U00320,1000061,53.56
2020-10-26,U00355,1000175,30.56
2020-11-24,U00272,1000068,43.81
2020-02-06,U00069,1000074,15.37
2020-08-20,U00231,1000069,70.84
2020-08-07,U00164,1000004,19.3
2020-09-01,U00095,1000026,31.52
2020-03-23,U00224,1000186,5.77
2020-02-05,U00007,1000126,25.42
2020-07-10,U00402,1000127,98.81
2020-08-23,U00405,1000008,36.04
2020-03-02,U00136,1000198,41.89
2020-09-16,U00092,1000049,89.2
2020-05-27,U00195,1000003,16.46
2020-12-08,U00197,1000197,96.65
2020-04-24,U00017,1000050,48.32
2020-02-17,U00340,1000053,49.45
2020-11-10,U00479,1000082,19.91
2020-12-02,U00381,1000140,53.97
2020-05-16,U00326,1000076,23.68
2020-01-28,U00341,1000055,96.49
2020-04-21,U00222,1000083,6.42
2020-05-19,U00061,1000101,79.18
2020-01-02,U00297,1000176,49.68
2020-10-05,U00190,1000197,13.41
2020-03-16,U00046,1000175,63.15
2020-11-02,U00030,1000091,65.59
2020-12-18,U00405,1000027,16.83
2020-04-11,U00285,1000165,76.13
2020-08-24,U00098,1000005,69.79
2020-06-24,U00068,1000064,89.47
2020-08-23,U00224,1000143,32.7
2020-12-16,U00097,1000145,22.54
2020-06-11,U00374,1000119,30.88
2020-10-28,U00283,1000041,11.47
2020-03-15,U00151,1000067,55.91
2020-08-01,U00397,1000163,52.56
2020-12-06,U00452,1000004,63.26
2020-06-25,U00317,1000061,35.15
2020-02-22,U00495,1000137,81.99
2020-04-17,U00349,1000127,76.98
2020-03-20,U00144,1000082,43.52
2020-06-04,U00049,1000133,66.94
2020-01-27,U00480,1000033,21.79
2020-01-07,U00054,1000124,23.01
2020-01-19,U00328,1000099,66.84
2020-09-20,U00359,1000151,29.06
2020-06-08,U00310,1000183,11.66
2020-04-21,U00251,1000020,49.0
2020-11-02,U00184,1000142,74.89
2020-07-27,U00188,1000181,10.48
2020-10-09,U00270,1000010,74.02
2020-05-03,U00483,1000055,95.3
2020-02-04,U00371,1000059,54.98
2020-04-07,U00269,1000168,28.38
2020-11-06,U00285,1000191,57.47
2020-12-04,U00392,1000163,59.2
2020-11-15,U00359,1000170,45.15
2020-02-06,U00405,1000046,56.7
2020-09-11,U00336,1000040,55.19
2020-10-15,U00477,1000090,89.83
2020-09-11,U00432,1000095,43.76
2020-11-14,U00422,1000185,35.4
2020-04-19,U00279,1000054,40.26
2020-09-24,U00130,1000092,95.4
2020-08-13,U00000,1000185,8.26
2020-05-20,U00008,1000132,17.7
2020-05-01,U00153,1000056,25.19
2020-06-01,U00395,1000176,82.3
2020-09-17,U00284,1000146,92.04
2020-03-04,U00019,1000117,38.43
2020-03-09,U00187,1000149,28.49
2020-05-26,U00153,1000023,58.63
2020-10-07,U00375,1000019,73.02
2020-08-06,U00249,1000176,71.07
2020-02-20,U00328,1000076,8.51
2020-10-13,U00040,1000199,10.26
2020-06-12,U00450,1000111,44.15
2020-02-28,U00394,1000058,75.28
2020-10-01,U00324,1000199,64.43
2020-01-10,U00268,1000010,35.02
2020-10-05,U00167,1000128,70.59
2020-03-02,U00344,1000187,98.75
2020-08-25,U00304,1000147,52.44
2020-04-14,U00148,1000100,18.91
2020-06-03,U00243,1000146,75.06
2020-09-13,U00134,1000021,42.46
2020-07-25,U00357,1000033,76.63
2020-08-18,U00101,1000124,42.16
2020-10-07,U00287,1000157,98.73
2020-09-08,U00124,1000018,30.03
2020-07-11,U00350,1000147,13.42
2020-11-14,U00216,1000093,37.74
2020-06-12,U00304,1000167,7.28
2020-05-06,U00179,1000157,82.23
2020-08-20,U00074,1000112,9.22
2020-04-07,U00350,1000095,19.66
2020-12-28,U00043,1000028,74.52
2020-04-20,U00474,1000037,86.66
2020-05-01,U00175,1000177,80.6
2020-05-15,U00241,1000005,36.2
2020-12-18,U00108,1000052,56.36
2020-05-18,U00247,1000159,73.61
2020-03-23,U00357,1000171,6.73
2020-10-22,U00269,1000011,29.01
2020-01-10,U00102,1000178,63.09
2020-01-15,U00335,1000002,11.26
2020-11-09,U00339,1000168,38.86
2020-02-01,U00149,1000166,41.33
2020-07-17,U00363,1000025,89.96
2020-08-28,U00305,1000136,13.27
2020-04-17,U00494,1000117,57.7
2020-12-01,U00020,1000063,91.69
2020-05-11,U00250,1000100,74.97
2020-01-12,U00350,1000090,38.41
2020-05-08,U00256,1000070,81.32
2020-11-09,U00449,1000099,88.7
2020-01-18,U00485,1000071,26.2
2020-06-13,U00336,1000035,13.25
2020-07-17,U00491,1000173,62.57
2020-11-22,U00116,1000106,27.59
2020-03-14,U00496,1000079,90.52
2020-06-15,U00277,1000033,24.44
2020-03-19,U00277,1000175,80.21
2020-03-10,U00352,1000180,89.47
2020-03-14,U00465,1000197,18.64
2020-10-06,U00162,1000017,57.39
2020-12-04,U00094,1000081,83.92
2020-03-24,U00015,1000195,34.96
2020-07-14,U00155,1000113,75.09
2020-11-24,U00140,1000038,78.24
2020-02-05,U00094,1000006,76.67
2020-10-20,U00136,1000155,58.3
2020-04-20,U00118,1000059,69.61
2020-06-03,U00352,1000199,49.8
2020-09-28,U00309,1000120,71.93
2020-06-06,U00436,1000099,51.2
2020-03-06,U00098,1000057,8.03
2020-01-09,U00486,1000105,25.92
2020-11-07,U00387,1000052,11.22
2020-08-28,U00315,1000125,69.66
2020-08-08,U00218,1000103,77.96
2020-10-24,U00422,1000097,72.7
2020-07-20,U00480,1000190,58.76
2020-09-17,U00328,1000180,78.97
2020-09-04,U00231,1000116,82.74
2020-01-08,U00265,1000137,42.19
2020-12-02,U00285,1000099,53.52
2020-11-02,U00097,1000074,46.32
2020-05-25,U00423,1000073,48.37
2020-07-10,U00313,1000013,69.86
2020-03-15,U00424,1000165,47.46
2020-12-17,U00057,1000046,78.2
2020-12-18,U00069,1000100,43.87
2020-08-01,U00091,1000116,60.49
2020-12-07,U00451,1000116,13.48
2020-06-23,U00332,1000182,79.87
2020-12-24,U00063,1000023,15.73
2020-08-21,U00185,1000021,54.24
2020-07-24,U00405,1000130,62.53
2020-03-13,U00281,1000097,9.13
2020-03-11,U00289,1000168,86.09
2020-03-28,U00074,1000045,77.3
2020-01-14,U00157,1000079,73.64
2020-08-10,U00320,1000046,16.05
2020-03-07,U00001,1000159,76.95
2020-01-15,U00254,1000127,56.09
2020-01-20,U00451,1000126,27.36
2020-10-22,U00243,1000116,43.55
2020-02-20,U00307,1000001,28.0
2020-09-09,U00317,1000160,57.41
2020-04-02,U00094,1000037,10.18
2020-06-02,U00074,1000008,67.7
2020-10-10,U00169,1000022,9.61
2020-07-06,U00082,1000172,31.73
2020-11-23,U00358,1000152,58.79
2020-09-06,U00494,1000116,75.44
2020-06-02,U00047,1000196,33.13
2020-06-13,U00419,1000017,76.29
2020-09-03,U00149,1000120,17.65
2020-12-28,U00140,1000084,54.54
2020-09-07,U00356,1000053,62.53
2020-02-19,U00373,1000161,54.72
2020-02-16,U00370,1000176,61.85
2020-12-10,U00218,1000155,84.69
2020-05-17,U00294,1000159,38.26
2020-03-20,U00288,1000127,53.85
2020-11-16,U00252,1000046,88.06
2020-04-23,U00148,1000049,5.15
2020-01-15,U00320,1000030,74.32
2020-04-26,U00315,1000106,43.92
2020-06-12,U00286,1000163,24.96
2020-11-07,U00353,1000072,28.92
2020-02-10,U00153,1000129,56.7
2020-01-04,U00351,1000085,37.09
2020-12-19,U00315,1000007,83.21
2020-04-11,U00426,1000086,91.69
2020-08-16,U00408,1000009,65.69
2020-08-05,U00321,1000117,88.85
2020-09-11,U00236,1000105,92.21
2020-01-27,U00266,1000076,58.1
2020-11-11,U00284,1000137,6.76
2020-10-22,U00169,1000090,11.22
2020-03-09,U00430,1000007,36.88
2020-07-21,U00273,1000042,58.67
2020-07-06,U00304,1000029,86.27
2020-05-23,U00439,1000080,71.72
2020-05-14,U00044,1000127,87.44
2020-06-15,U00424,1000077,25.32
2020-05-06,U00057,1000095,78.78
2020-04-03,U00227,1000129,7.34
2020-08-17,U00078,1000048,36.97
2020-08-24,U00447,1000134,34.17
2020-06-05,U00393,1000025,82.28
2020-09-22,U00067,1000052,73.11
2020-08-13,U00365,1000133,15.89
2020-05-02,U00351,1000152,86.96
2020-06-15,U00455,1000011,14.69
2020-11-24,U00159,1000005,59.29
2020-05-21,U00456,1000053,35.16
2020-04-10,U00141,1000136,35.0
2020-08-22,U00060,1000069,19.04
2020-05-04,U00007,1000159,57.6
2020-02-07,U00277,1000089,56.64
2020-05-05,U00482,1000180,80.58
2020-10-08,U00087,1000018,34.27
2020-06-18,U00227,1000012,17.23
2020-08-22,U00025,1000027,41.06
2020-02-14,U00200,1000045,71.24
2020-10-21,U00428,1000176,70.74
2020-10-12,U00159,1000085,81.84
2020-12-25,U00343,1000136,12.38
2020-08-19,U00067,1000023,81.41
2020-12-15,U00049,1000116,34.18
2020-11-23,U00392,1000119,49.23
2020-04-05,U00440,1000157,29.26
2020-06-13,U00093,1000179,91.22
2020-06-26,U00440,1000083,47.61
2020-01-03,U00243,1000028,38.04
2020-08-28,U00087,1000072,77.19
2020-10-19,U00065,1000130,14.68
2020-12-26,U00054,1000083,57.28
2020-02-26,U00154,1000136,48.33
2020-10-14,U00122,1000158,27.91
2020-03-16,U00196,1000016,37.03
2020-12-19,U00220,1000111,58.32
2020-06-18,U00355,1000060,21.27
2020-11-03,U00378,1000182,58.97
2020-08-04,U00303,1000152,48.51
2020-09-04,U00420,1000113,21.56
2020-07-03,U00306,1000027,69.44
2020-10-25,U00419,1000097,35.78
2020-11-22,U00031,1000023,25.46
2020-03-19,U00462,1000193,64.8
2020-01-25,U00075,1000169,19.03
2020-09-10,U00199,1000157,59.33
2020-04-07,U00348,1000081,33.18
2020-11-10,U00470,1000111,72.47
2020-06-03,U00298,1000002,62.48
2020-09-13,U00433,1000032,85.14
2020-01-12,U00461,1000140,95.98
2020-01-23,U00286,1000091,15.31
2020-05-28,U00015,1000060,45.58
2020-10-13,U00320,1000081,71.91
2020-07-13,U00222,1000139,24.85
2020-03-16,U00071,1000048,57.21
2020-06-27,U00213,1000039,32.12
2020-11-05,U00068,1000002,11.74
2020-01-05,U00369,1000124,66.85
2020-03-03,U00070,1000164,80.76
2020-08-26,U00356,1000154,92.45
2020-10-06,U00232,1000130,44.87
2020-08-13,U00181,1000057,22.46
2020-10-01,U00295,1000127,84.6
2020-04-23,U00256,1000068,43.62
2020-09-19,U00187,1000008,96.95
2020-10-16,U00360,1000094,15.64
2020-08-23,U00040,1000036,73.64
2020-09-28,U00384,1000199,31.27
2020-09-03,U00267,1000156,13.31
2020-08-21,U00379,1000169,95.28
2020-02-22,U00324,1000138,80.02
2020-05-20,U00027,1000087,55.29
2020-01-16,U00232,1000131,90.17
2020-10-24,U00169,1000107,38.17
2020-05-10,U00085,1000009,70.33
2020-10-24,U00155,1000186,78.79
2020-05-02,U00322,1000121,59.35
2020-10-02,U00336,1000074,81.04
2020-10-01,U00146,1000124,12.76
2020-09-03,U00435,1000071,28.69
2020-10-09,U00140,1000065,6.34
2020-02-20,U00089,1000151,74.46
2020-11-15,U00189,1000044,29.56
2020-12-08,U00248,1000046,80.14
2020-01-11,U00043,1000037,60.98
2020-03-27,U00253,1000192,98.4
2020-07-08,U00338,1000112,73.24
2020-03-07,U00295,1000187,84.13
2020-01-21,U00135,1000193,82.04
2020-01-06,U00237,1000102,49.77
2020-08-24,U00485,1000192,91.71
2020-04-13,U00349,1000180,41.67
2020-05-05,U00271,1000111,6.12
2020-08-13,U00347,1000080,95.41
2020-11-02,U00049,1000136,64.92
2020-07-20,U00470,1000166,85.69
2020-06-09,U00136,1000025,29.0
2020-10-13,U00236,1000197,68.48
2020-04-24,U00344,1000150,77.43
2020-09-11,U00346,1000176,98.36
2020-06-18,U00005,1000172,5.8
2020-02-01,U00210,1000025,54.37
2020-11-15,U00179,1000056,73.17
2020-05-07,U00017,1000006,63.22
2020-01-20,U00336,1000055,94.35
2020-11-04,U00362,1000030,13.12
2020-10-05,U00192,1000168,76.8
2020-11-19,U00411,1000047,89.22
2020-12-06,U00129,1000075,48.89
2020-02-21,U00232,1000070,77.32
2020-12-22,U00394,1000197,35.4
2020-03-25,U00037,1000070,78.05
2020-07-13,U00170,1000015,29.27
2020-05-06,U00225,1000017,51.22
2020-04-20,U00201,1000045,65.68
2020-02-05,U00276,1000196,45.54
2020-10-21,U00054,1000113,72.25
2020-02-02,U00037,1000018,58.71
2020-05-25,U00228,1000004,89.27
2020-03-21,U00327,1000000,92.69
2020-11-13,U00136,1000038,70.81
2020-07-19,U00001,1000131,71.51
2020-08-16,U00223,1000103,84.34
2020-02-18,U00115,1000000,41.14
2020-12-27,U00399,1000123,16.39
2020-09-12,U00170,1000174,33.47
2020-01-21,U00490,1000165,13.52
2020-09-28,U00491,1000087,12.56
2020-08-25,U00392,1000074,65.89
2020-03-18,U00020,1000098,67.11
2020-05-23,U00199,1000027,64.28
2020-06-16,U00043,1000161,46.17
2020-04-05,U00018,1000049,7.38
2020-10-08,U00250,1000099,10.92
2020-09-21,U00157,1000127,55.19
2020-08-01,U00018,1000086,10.27
2020-12-02,U00207,1000030,24.9
2020-11-22,U00267,1000117,93.37
2020-09-05,U00379,1000148,26.9
2020-02-02,U00376,1000036,50.96
2020-01-16,U00464,1000158,9.31
2020-12-21,U00066,1000003,21.19
2020-01-10,U00420,1000024,47.88
2020-03-27,U00302,1000016,81.87
2020-02-04,U00254,1000152,80.12
2020-04-03,U00411,1000051,45.06
2020-12-22,U00205,1000083,16.36
2020-11-19,U00279,1000035,35.23
2020-04-25,U00023,1000151,21.3
2020-02-04,U00140,1000036,76.21
2020-03-23,U00189,1000141,20.51
2020-04-19,U00020,1000034,14.4
2020-11-20,U00192,1000199,19.83
2020-08-03,U00003,1000001,21.86
2020-02-23,U00333,1000151,88.37
2020-07-23,U00413,1000197,49.75
2020-03-07,U00073,1000163,30.47
2020-08-14,U00122,1000044,62.39
2020-01-20,U00092,1000183,51.99
2020-02-21,U00423,1000077,37.7
2020-01-18,U00120,1000049,16.05
2020-09-04,U00316,1000092,86.1
2020-09-17,U00112,1000118,77.41
2020-11-07,U00141,1000013,23.21
2020-03-22,U00432,1000121,51.77
2020-03-22,U00472,1000011,10.08
2020-06-10,U00107,1000111,28.63
2020-10-26,U00455,1000194,47.6
2020-02-24,U00026,1000137,21.53
2020-01-16,U00263,1000029,11.66
2020-04-24,U00227,1000151,59.5
2020-07-07,U00382,1000173,89.45
2020-04-25,U00056,1000083,26.41
2020-04-24,U00211,1000051,40.3
2020-04-03,U00241,1000149,50.53
2020-07-05,U00110,1000156,47.77
2020-07-12,U00069,1000117,72.66
2020-11-12,U00499,1000069,24.01
2020-03-02,U00354,1000145,10.61
2020-03-04,U00436,1000119,48.11
2020-03-25,U00175,1000056,88.32
2020-10-06,U00404,1000163,94.56
2020-03-19,U00496,1000141,85.37
2020-02-14,U00438,1000133,50.99
2020-04-19,U00242,1000118,31.24
2020-12-14,U00376,1000063,28.3
2020-07-19,U00113,1000151,93.95
2020-10-01,U00213,1000011,8.77
2020-08-24,U00393,1000129,8.16
2020-09-13,U00245,1000178,82.2
2020-08-16,U00123,1000021,57.5
2020-01-23,U00374,1000104,94.29
2020-03-12,U00151,1000061,65.88
2020-02-01,U00245,1000171,33.65
2020-12-15,U00439,1000146,75.24
2020-01-15,U00237,1000197,18.03
2020-12-13,U00094,1000094,63.92
2020-12-21,U00000,1000160,11.65
2020-12-11,U00271,1000008,32.88
2020-05-23,U00484,1000156,55.99
2020-04-26,U00350,1000020,63.32
2020-06-24,U00477,1000014,53.39
2020-11-12,U00454,1000013,15.43
2020-06-15,U00316,1000010,39.36
2020-03-21,U00286,1000180,11.3
2020-12-25,U00104,1000035,97.24
2020-04-18,U00058,1000166,49.98
2020-10-28,U00491,1000179,24.72
2020-12-25,U00115,1000082,38.15
2020-05-17,U00348,1000108,31.05
2020-02-12,U00176,1000115,50.71
2020-09-27,U00062,1000120,71.72
2020-11-27,U00272,1000074,47.49
2020-06-26,U00344,1000177,81.03
2020-02-07,U00456,1000117,13.21
2020-07-06,U00147,1000019,15.28
2020-05-04,U00356,1000037,51.65
2020-04-17,U00487,1000160,7.13
2020-07-22,U00277,1000033,49.55
2020-07-15,U00377,1000165,7.02
2020-04-03,U00011,1000059,83.49
2020-09-21,U00171,1000105,59.4
2020-11-21,U00402,1000083,50.7
2020-11-23,U00271,1000140,46.85
2020-05-19,U00067,1000078,21.14
2020-05-08,U00247,1000095,96.25
2020-01-05,U00180,1000072,47.86
2020-03-20,U00473,1000041,71.91
2020-05-06,U00498,1000044,83.9
2020-12-22,U00406,1000039,20.16
2020-02-02,U00162,1000147,16.89
2020-05-12,U00094,1000052,57.87
2020-01-22,U00162,1000088,18.91
2020-08-18,U00499,1000041,55.16
2020-02-01,U00207,1000127,77.24
2020-08-11,U00079,1000001,96.19
2020-09-17,U00169,1000165,71.31
2020-08-10,U00496,1000193,97.18
2020-10-22,U00075,1000144,73.48
2020-08-11,U00352,1000028,73.77
2020-01-05,U00347,1000141,15.99
2020-01-13,U00316,1000056,46.92
2020-02-11,U00028,1000155,65.28
2020-10-17,U00113,1000196,31.13
2020-01-03,U00275,1000114,68.64
2020-02-17,U00201,1000049,51.1
2020-10-20,U00261,1000014,90.39
2020-06-13,U00075,1000183,85.26
2020-06-13,U00190,1000003,31.76
2020-06-10,U00228,1000143,13.23
2020-12-15,U00379,1000106,80.55
2020-05-06,U00412,1000186,96.21
2020-07-24,U00458,1000106,18.12
2020-10-20,U00044,1000036,24.53
2020-08-28,U00268,1000085,11.21
2020-10-25,U00192,1000022,5.62
2020-11-09,U00212,1000044,57.25
2020-12-19,U00386,1000035,23.73
2020-07-10,U00283,1000125,8.97
2020-05-27,U00299,1000077,51.45
2020-12-15,U00114,1000006,79.37
2020-03-09,U00153,1000163,83.42
2020-08-04,U00334,1000170,88.91
2020-07-06,U00251,1000176,65.61
2020-01-04,U00391,1000070,51.35
2020-02-20,U00381,1000092,59.62
2020-10-14,U00444,1000066,64.03
2020-08-23,U00418,1000030,40.08
2020-12-19,U00008,1000066,20.31
2020-01-05,U00163,1000118,87.56
2020-03-12,U00083,1000013,30.63
2020-07-21,U00466,1000091,9.58
2020-05-17,U00327,1000019,53.3
2020-11-06,U00391,1000024,61.28
2020-03-18,U00165,1000080,82.72
2020-11-26,U00154,1000069,69.43
2020-12-12,U00049,1000136,59.52
2020-03-01,U00070,1000132,31.45
2020-08-14,U00174,1000041,14.63
2020-03-17,U00113,1000048,79.74
2020-09-20,U00353,1000134,84.53
2020-12-18,U00359,1000193,80.44
2020-07-15,U00469,1000019,15.96
2020-03-01,U00245,1000089,34.29
2020-06-05,U00418,1000113,88.63
2020-10-17,U00390,1000087,21.19
2020-05-01,U00381,1000030,25.9
2020-12-05,U00352,1000058,33.9
2020-04-05,U00040,1000108,69.94
2020-02-03,U00009,1000198,50.52
2020-07-02,U00100,1000027,8.08
2020-11-17,U00303,1000015,49.09
2020-05-02,U00033,1000077,67.75
2020-02-26,U00063,1000154,24.31
2020-04-06,U00343,1000089,7.75
2020-03-28,U00382,1000071,94.19
2020-06-12,U00082,1000128,78.4
2020-10-08,U00258,1000145,11.42
2020-10-25,U00007,1000135,25.4
2020-04-10,U00087,1000193,55.49
2020-12-04,U00473,1000054,91.52
2020-12-16,U00187,1000178,60.4
2020-08-22,U00490,1000027,22.0
2020-06-13,U00217,1000054,53.34
2020-07-04,U00389,1000080,16.62
2020-02-17,U00069,1000126,76.65
2020-12-10,U00285,1000184,8.82
2020-06-16,U00059,1000098,31.66
2020-10-24,U00159,1000175,96.76
2020-08-08,U00283,1000104,32.32
2020-07-07,U00438,1000017,89.11
2020-08-22,U00188,1000045,6.2
2020-11-16,U00344,1000026,42.26
2020-09-22,U00346,1000021,16.21
2020-07-13,U00355,1000151,96.89
2020-12-06,U00033,1000093,96.67
2020-06-07,U00304,1000103,16.54
2020-07-24,U00255,1000071,76.89
2020-10-19,U00139,1000193,79.21
2020-11-13,U00182,1000121,67.67
2020-07-16,U00261,1000071,18.85
2020-08-04,U00062,1000064,51.0
2020-04-21,U00482,1000034,7.79
2020-12-02,U00425,1000017,51.82
2020-01-06,U00195,1000154,68.85
2020-03-10,U00318,1000159,14.06
2020-02-22,U00384,1000133,77.15
2020-08-07,U00150,1000169,51.8
2020-09-09,U00277,1000087,81.09
2020-09-18,U00009,1000195,7.97
2020-07-04,U00196,1000115,34.57
2020-07-15,U00235,1000009,8.09
2020-09-22,U00440,1000199,33.49
2020-12-06,U00251,1000110,17.64
2020-12-13,U00249,1000195,15.28
2020-11-16,U00337,1000141,69.43
2020-10-16,U00243,1000143,85.31
2020-09-02,U00200,1000067,51.5
2020-07-20,U00346,1000090,77.05
2020-05-11,U00031,1000007,60.5
2020-03-27,U00187,1000089,81.1
2020-10-01,U00391,1000160,37.08
2020-02-14,U00176,1000091,43.72
2020-01-22,U00125,1000063,27.05
2020-05-19,U00043,1000176,11.16
2020-05-04,U00172,1000043,6.85
2020-06-02,U00235,1000168,86.16
2020-10-17,U00461,1000107,30.06
2020-12-16,U00301,1000005,97.66
2020-07-19,U00199,1000082,58.82
2020-08-04,U00353,1000172,24.36
2020-08-17,U00415,1000195,67.73
2020-03-20,U00153,1000093,96.13
2020-04-16,U00325,1000019,84.0
2020-09-07,U00147,1000067,9.47
2020-10-13,U00411,1000057,63.71
2020-02-23,U00432,1000148,13.9
2020-06-09,U00034,1000145,80.31
2020-08-14,U00107,1000088,79.79
2020-11-27,U00154,1000129,80.59
2020-07-22,U00276,1000080,23.81
2020-07-09,U00319,1000131,47.6
2020-09-06,U00451,1000004,64.02
2020-09-28,U00095,1000147,51.93
2020-11-27,U00380,1000119,30.19
2020-11-18,U00414,1000157,85.16
2020-07-19,U00372,1000160,10.63
2020-04-12,U00236,1000037,27.6
2020-12-22,U00391,1000076,84.35
2020-07-11,U00440,1000016,64.59
2020-07-09,U00421,1000073,65.73
2020-05-22,U00307,1000060,43.15
2020-02-05,U00098,1000007,28.09
2020-05-15,U00248,1000143,98.18
2020-07-21,U00463,1000009,23.99
2020-05-05,U00014,1000066,79.23
2020-05-22,U00281,1000045,65.56
2020-01-24,U00248,1000005,10.2
2020-02-11,U00308,1000076,86.51
2020-07-12,U00343,1000168,88.26
2020-07-27,U00370,1000035,27.19
2020-10-24,U00256,1000030,54.06
2020-10-25,U00476,1000134,28.67
2020-02-08,U00307,1000031,77.68
2020-06-11,U00426,1000149,74.3
2020-12-24,U00120,1000108,25.49
2020-02-06,U00109,1000070,46.31
2020-05-28,U00301,1000014,51.09
2020-06-23,U00485,1000028,34.75
2020-07-16,U00349,1000063,95.55
2020-03-12,U00243,1000183,39.57
2020-05-01,U00330,1000155,8.27
2020-12-22,U00409,1000013,69.92
2020-11-08,U00129,1000141,41.16
2020-11-23,U00185,1000175,16.47
2020-04-28,U00226,1000099,5.74
2020-07-09,U00154,1000023,93.01
2020-04-10,U00107,1000041,91.09
2020-11-11,U00450,1000196,65.58
2020-01-09,U00443,1000020,82.38
2020-08-16,U00377,1000105,92.09
2020-06-23,U00216,1000025,82.49
2020-12-09,U00259,1000016,38.07
2020-10-24,U00416,1000140,74.35
2020-08-23,U00014,1000195,9.9
2020-11-06,U00322,1000113,79.36
2020-03-01,U00205,1000051,64.06
2020-06-19,U00042,1000028,19.84
2020-09-23,U00496,1000196,83.08
2020-03-28,U00304,1000175,43.57
2020-06-15,U00244,1000188,17.55
2020-03-22,U00303,1000083,80.16
2020-04-03,U00212,1000094,22.1
2020-07-27,U00452,1000146,26.1
2020-01-18,U00331,1000156,63.9
2020-02-15,U00101,1000067,70.92
2020-03-02,U00205,1000158,45.32
2020-05-05,U00045,1000094,20.99
2020-10-04,U00007,1000183,54.43
2020-08-27,U00344,1000126,16.14
2020-12-07,U00097,1000068,32.07
2020-08-13,U00066,1000110,85.5
2020-10-07,U00421,1000072,73.31
2020-04-14,U00092,1000104,79.49
2020-01-10,U00499,1000067,27.14
2020-08-08,U00189,1000149,69.32
2020-08-03,U00005,1000120,17.52
2020-06-23,U00203,1000175,24.95
2020-07-23,U00216,1000188,61.14
2020-02-04,U00285,1000015,9.9
2020-04-16,U00465,1000090,98.69
2020-11-26,U00306,1000181,75.33
2020-01-01,U00129,1000129,63.25
2020-05-13,U00343,1000094,17.43
2020-09-02,U00297,1000045,29.47
2020-09-16,U00476,1000086,87.52
2020-03-03,U00162,1000181,54.86
2020-03-09,U00059,1000080,9.15
2020-03-16,U00446,1000071,75.3
2020-07-10,U00462,1000067,62.62
2020-05-17,U00160,1000111,88.91
2020-06-24,U00251,1000195,94.3
2020-09-28,U00472,1000168,64.85
2020-08-02,U00096,1000038,10.13
2020-03-02,U00240,1000066,20.37
2020-08-14,U00059,1000126,8.83
2020-06-23,U00287,1000124,48.03
2020-02-28,U00368,1000037,16.62
2020-02-07,U00444,1000072,21.98
2020-03-24,U00260,1000069,57.95
2020-11-19,U00108,1000149,98.81
2020-01-17,U00392,1000146,21.97
2020-02-08,U00393,1000127,68.63
2020-06-01,U00145,1000174,97.25
2020-02-13,U00191,1000151,92.34
2020-02-27,U00165,1000039,7.71
2020-08-27,U00362,1000168,50.11
2020-11-09,U00304,1000168,5.55
2020-01-21,U00318,1000115,35.54
2020-12-24,U00464,1000145,17.16
2020-01-26,U00329,1000072,35.38
2020-01-24,U00036,1000140,94.48
2020-07-03,U00204,1000065,21.73
2020-07-03,U00010,1000053,20.32
2020-07-10,U00331,1000192,94.72
2020-03-04,U00152,1000125,80.3
2020-12-26,U00471,1000079,89.95
2020-10-05,U00183,1000170,14.03
2020-06-17,U00102,1000125,46.87
2020-07-16,U00137,1000144,61.43
2020-02-25,U00216,1000094,62.7
2020-07-21,U00218,1000023,8.8
2020-06-15,U00346,1000057,65.88
2020-12-05,U00476,1000126,54.56
2020-11-17,U00042,1000074,49.01
2020-02-26,U00244,1000076,18.97
2020-03-22,U00462,1000076,84.1
2020-09-14,U00151,1000145,9.49
2020-02-02,U00262,1000027,53.0
2020-07-04,U00237,1000169,72.71
2020-05-12,U00130,1000149,12.69
2020-09-01,U00058,1000189,67.19
2020-03-26,U00093,1000100,9.25
2020-07-23,U00152,1000080,60.2
2020-08-25,U00343,1000115,63.64
2020-05-11,U00494,1000047,24.84
2020-02-24,U00309,1000066,86.93
2020-02-14,U00273,1000004,5.55
2020-02-01,U00087,1000167,49.85
2020-12-13,U00444,1000168,95.79
2020-10-24,U00249,1000077,63.14
2020-10-12,U00353,1000172,95.54
2020-11-13,U00411,1000077,13.24
2020-03-01,U00097,1000028,81.7
2020-12-07,U00439,1000006,24.67
2020-11-05,U00332,1000061,45.96
2020-11-28,U00404,1000137,22.95
2020-05-25,U00237,1000037,49.55
2020-01-04,U00085,1000039,74.45
2020-08-16,U00241,1000005,85.82
2020-10-08,U00103,1000075,58.53
2020-07-02,U00170,1000002,14.65
2020-12-14,U00212,1000126,74.29
2020-10-24,U00283,1000074,8.48
2020-07-16,U00262,1000151,73.11
2020-11-27,U00444,1000124,26.8
2020-01-17,U00009,1000108,59.18
2020-09-03,U00137,1000165,44.21
2020-08-04,U00253,1000159,93.26
2020-06-15,U00357,1000111,6.96
2020-05-24,U00098,1000120,37.32
2020-04-17,U00112,1000150,90.45
2020-06-20,U00436,1000183,66.75
2020-03-10,U00370,1000182,41.69
2020-07-27,U00481,1000172,66.34
2020-06-26,U00241,1000041,63.45
2020-05-23,U00383,1000022,67.7
2020-03-06,U00102,1000040,61.94
2020-02-26,U00212,1000126,33.54
2020-04-18,U00024,1000004,38.73
2020-05-12,U00346,1000040,21.42
2020-09-02,U00413,1000016,36.75
2020-02-20,U00116,1000030,57.83
2020-08-09,U00174,1000090,77.32
2020-09-09,U00458,1000038,85.22
2020-09-20,U00342,1000026,71.4
2020-08-26,U00234,1000193,15.43
2020-02-26,U00312,1000156,78.52
2020-02-27,U00287,1000010,52.69
2020-03-21,U00060,1000052,90.63
2020-03-24,U00149,1000181,46.5
2020-09-16,U00375,1000025,19.5
2020-06-11,U00419,1000035,16.56
2020-04-15,U00496,1000106,77.31
2020-01-08,U00427,1000121,37.08
2020-09-06,U00043,1000068,40.01
2020-07-12,U00322,1000170,28.07
2020-09-14,U00403,1000058,17.97
2020-07-14,U00470,1000104,89.42
2020-09-26,U00349,1000092,93.71
2020-08-05,U00394,1000002,72.46
2020-09-03,U00043,1000086,34.59
2020-03-14,U00031,1000100,76.36
2020-11-21,U00077,1000147,10.43
2020-11-23,U00409,1000169,87.33
2020-05-14,U00205,1000174,70.87
2020-05-24,U00380,1000080,90.47
2020-01-27,U00143,1000135,62.38
2020-03-23,U00206,1000114,65.52
2020-09-20,U00403,1000158,66.29
2020-12-12,U00454,1000166,43.02
2020-04-10,U00043,1000009,55.52
2020-07-24,U00368,1000189,87.71
2020-09-18,U00145,1000054,13.73
2020-09-10,U00266,1000087,76.16
2020-03-01,U00014,1000138,60.7
2020-04-27,U00396,1000077,73.29
2020-09-04,U00374,1000015,84.11
2020-05-21,U00259,1000090,16.64
2020-11-04,U00229,1000076,58.81
2020-01-15,U00173,1000060,80.71
2020-10-19,U00365,1000160,67.56
2020-10-08,U00179,1000076,31.75
2020-12-19,U00344,1000035,72.15
2020-09-24,U00126,1000026,35.82
2020-10-07,U00421,1000199,38.96
2020-02-05,U00364,1000108,82.87
2020-02-03,U00031,1000108,88.52
2020-08-07,U00228,1000019,39.71
2020-09-13,U00301,1000143,53.78
2020-07-28,U00135,1000149,51.89
2020-07-15,U00352,1000125,73.78
2020-07-27,U00083,1000036,52.54
2020-08-23,U00234,1000033,95.99
2020-09-28,U00270,1000030,70.28
2020-08-16,U00016,1000191,19.74
2020-09-12,U00471,1000030,61.55
2020-07-04,U00061,1000094,58.75
2020-01-17,U00078,1000030,39.92
2020-06-10,U00150,1000124,7.63
2020-03-05,U00401,1000150,44.65
2020-05-10,U00110,1000046,82.0
2020-08-01,U00062,1000140,37.77
2020-01-14,U00246,1000146,34.11
2020-08-11,U00400,1000096,49.67
2020-12-27,U00310,1000033,76.62
2020-09-21,U00235,1000194,47.29
2020-08-05,U00443,1000186,35.57
2020-10-22,U00319,1000104,41.4
2020-07-11,U00276,1000011,95.06
2020-08-24,U00142,1000165,13.32
2020-03-23,U00012,1000146,64.23
2020-12-10,U00287,1000165,16.64
2020-09-03,U00098,1000158,55.93
2020-01-19,U00267,1000048,75.55
2020-09-01,U00061,1000168,93.0
2020-03-01,U00140,1000052,28.06
2020-12-27,U00454,1000148,46.76
2020-09-20,U00164,1000102,60.36
2020-08-28,U00478,1000005,36.96
2020-03-14,U00012,1000135,34.83
2020-05-03,U00058,1000025,55.93
2020-05-05,U00093,1000065,77.22
2020-03-10,U00487,1000104,68.79
2020-01-20,U00492,1000083,22.06
2020-12-02,U00152,1000099,14.28
2020-03-14,U00457,1000082,29.25
2020-02-02,U00103,1000061,75.7
2020-10-08,U00252,1000130,75.72
2020-07-04,U00137,1000015,34.92
2020-09-14,U00033,1000123,7.72
2020-11-08,U00467,1000004,30.3
2020-10-22,U00051,1000063,76.72
2020-11-26,U00064,1000077,58.42
2020-08-03,U00433,1000162,52.04
2020-03-12,U00276,1000043,78.51
2020-09-14,U00492,1000142,47.46
2020-01-27,U00237,1000158,32.19
2020-03-01,U00030,1000123,30.69
2020-05-27,U00348,1000097,98.93
2020-11-07,U00299,1000130,31.44
2020-03-24,U00273,1000144,11.57
2020-02-13,U00357,1000031,83.07
2020-12-18,U00143,1000110,24.82
2020-09-26,U00162,1000174,93.87
2020-11-09,U00385,1000181,47.56
2020-04-22,U00164,1000087,24.8
2020-10-11,U00008,1000177,17.57
2020-01-20,U00243,1000001,89.74
2020-11-06,U00211,1000142,89.16
2020-12-16,U00390,1000100,55.58
2020-11-21,U00039,1000137,7.91
2020-11-15,U00344,1000031,38.18
2020-07-27,U00307,1000091,41.35
2020-12-01,U00063,1000118,39.83
2020-04-15,U00004,1000056,74.86
2020-05-22,U00471,1000181,38.64
2020-02-27,U00314,1000160,33.5
2020-12-08,U00119,1000126,95.93
2020-01-09,U00252,1000180,71.45
2020-04-01,U00100,1000163,42.23
2020-05-19,U00256,1000126,21.02
2020-04-22,U00378,1000144,68.18
2020-10-19,U00089,1000016,60.29
2020-12-03,U00065,1000066,92.75
2020-04-17,U00373,1000070,23.03
2020-11-01,U00496,1000177,68.71
2020-10-09,U00348,1000143,88.01
2020-01-14,U00328,1000172,93.65
2020-01-28,U00480,1000082,45.66
2020-07-09,U00062,1000174,53.72
2020-08-12,U00264,1000194,9.09
2020-12-08,U00024,1000071,91.33
2020-09-15,U00161,1000001,41.83
2020-06-03,U00450,1000146,80.92
2020-12-08,U00353,1000108,95.03
2020-04-07,U00084,1000084,34.22
2020-11-21,U00049,1000007,50.12
2020-01-19,U00408,1000160,92.9
2020-05-08,U00055,1000121,27.41
2020-06-27,U00027,1000085,53.85
2020-04-03,U00397,1000153,63.24
2020-02-21,U00228,1000148,16.73
2020-01-02,U00193,1000080,88.67
2020-12-03,U00400,1000032,10.83
2020-08-02,U00154,1000156,63.86
2020-02-04,U00346,1000014,57.57
2020-05-28,U00195,1000102,14.01
2020-07-08,U00442,1000153,79.02
2020-10-01,U00232,1000098,48.64
2020-07-20,U00317,1000025,36.92
2020-11-26,U00013,1000116,53.62
2020-10-07,U00055,1000026,6.16
2020-12-03,U00303,1000049,90.01
2020-03-21,U00260,1000065,38.41
2020-08-24,U00317,1000113,22.48
2020-03-26,U00022,1000015,17.0
2020-10-14,U00262,1000166,75.91
2020-05-19,U00453,1000138,77.9
2020-03-16,U00158,1000154,37.23
2020-06-01,U00265,1000150,66.82
2020-03-02,U00121,1000129,82.0
2020-09-28,U00027,1000108,37.32
2020-04-21,U00465,1000051,78.81
2020-06-07,U00341,1000121,70.31
2020-08-20,U00354,1000084,85.09
2020-10-11,U00315,1000076,44.36
2020-03-04,U00232,1000010,51.62
2020-01-21,U00114,1000177,26.65
2020-10-07,U00122,1000123,74.05
2020-06-26,U00378,1000096,24.3
2020-03-27,U00003,1000092,5.93
2020-06-01,U00284,1000029,18.39
2020-08-07,U00323,1000149,90.79
2020-06-02,U00499,1000007,23.72
2020-05-06,U00112,1000067,72.57
2020-06-28,U00283,1000062,21.78
2020-01-06,U00431,1000067,90.6
2020-01-27,U00346,1000035,40.62
2020-02-11,U00479,1000053,33.68
2020-04-12,U00414,1000095,67.13
2020-09-26,U00319,1000111,87.57
2020-02-04,U00073,1000033,79.72
2020-04-18,U00193,1000177,40.18
2020-10-14,U00325,1000062,91.58
2020-10-19,U00096,1000137,32.65
2020-03-11,U00126,1000013,64.17
2020-05-28,U00064,1000130,96.03
2020-08-07,U00372,1000020,78.76
2020-11-20,U00033,1000042,52.81
2020-11-25,U00260,1000095,51.87
2020-08-06,U00164,1000182,40.14
2020-12-16,U00366,1000126,49.53
2020-10-13,U00326,1000149,66.08
2020-04-08,U00458,1000051,47.5
2020-04-13,U00111,1000078,44.95
2020-07-19,U00080,1000095,28.93
2020-02-05,U00384,1000021,32.73
2020-09-12,U00117,1000149,8.87
2020-09-20,U00172,1000109,47.41
2020-07-14,U00188,1000127,34.8
2020-07-01,U00091,1000113,26.98
2020-11-03,U00183,1000021,32.68
2020-09-17,U00279,1000164,12.35
2020-05-08,U00050,1000030,11.71
2020-01-18,U00102,1000085,23.48
2020-06-09,U00154,1000190,81.66
2020-11-28,U00140,1000048,71.33
2020-03-28,U00385,1000183,74.54
2020-05-01,U00394,1000076,31.49
2020-06-26,U00206,1000103,82.25
2020-11-01,U00241,1000167,53.19
2020-03-28,U00203,1000058,26.33
2020-12-07,U00242,1000059,53.49
2020-09-25,U00239,1000184,81.55
2020-06-26,U00043,1000080,84.51
2020-07-25,U00482,1000178,44.26
2020-08-15,U00436,1000142,7.83
2020-03-19,U00447,1000032,33.72
2020-12-01,U00255,1000168,83.42
2020-06-08,U00214,1000108,69.46
2020-07-25,U00398,1000176,55.53
2020-06-19,U00011,1000145,78.82
2020-03-05,U00487,1000084,58.41
2020-10-20,U00293,1000100,97.14
2020-04-13,U00032,1000136,41.32
2020-08-04,U00168,1000145,95.42
2020-11-10,U00047,1000043,14.81
2020-09-06,U00016,1000176,61.72
2020-01-06,U00101,1000017,90.67
2020-07-10,U00105,1000059,32.36
2020-09-03,U00232,1000014,39.65
2020-01-06,U00167,1000105,41.76
2020-02-05,U00274,1000107,49.96
2020-02-13,U00489,1000052,17.21
2020-04-10,U00221,1000181,67.49
2020-03-20,U00294,1000079,60.22
2020-09-23,U00350,1000117,30.89
2020-01-05,U00228,1000016,82.51
2020-10-26,U00126,1000134,35.92
2020-10-16,U00235,1000118,59.16
2020-12-03,U00147,1000165,87.81
2020-08-12,U00358,1000182,79.48
2020-07-20,U00421,1000044,44.01
2020-03-20,U00375,1000110,48.04
2020-11-06,U00357,1000145,13.98
2020-12-02,U00122,1000040,30.73
2020-11-18,U00149,1000170,91.13
2020-12-24,U00369,1000055,90.42
2020-07-25,U00283,1000031,98.56
2020-02-25,U00053,1000129,77.05
2020-06-14,U00230,1000042,28.76
2020-09-02,U00236,1000006,11.88
2020-12-22,U00383,1000118,40.83
2020-12-13,U00438,1000049,42.29
2020-01-09,U00058,1000181,91.21
2020-06-22,U00383,1000118,50.57
2020-02-03,U00280,1000168,27.78
2020-08-05,U00241,1000071,84.11
2020-03-27,U00009,1000155,14.45
2020-05-04,U00273,1000189,41.74
2020-02-22,U00390,1000002,68.67
2020-03-15,U00183,1000045,25.37
2020-01-22,U00272,1000055,46.55
2020-01-27,U00325,1000133,65.26
2020-12-22,U00459,1000026,41.72
2020-05-15,U00026,1000153,5.44
2020-07-25,U00103,1000063,40.22
2020-04-07,U00046,1000004,44.64
2020-01-11,U00420,1000049,68.92
2020-02-08,U00490,1000024,79.91
2020-11-06,U00370,1000042,9.14
2020-09-04,U00417,1000083,35.33
2020-11-07,U00319,1000053,92.83
2020-07-14,U00061,1000059,25.1
2020-06-11,U00088,1000003,42.8
2020-06-01,U00199,1000054,48.12
2020-02-22,U00417,1000071,66.09
2020-06-02,U00034,1000055,43.64
2020-10-16,U00052,1000182,55.4
2020-10-06,U00128,1000024,61.39
2020-11-23,U00198,1000173,91.91
2020-12-05,U00170,1000044,64.72
2020-12-11,U00435,1000170,50.32
2020-06-01,U00311,1000149,47.2
2020-09-21,U00379,1000059,52.32
2020-12-01,U00119,1000005,62.94
2020-02-10,U00121,1000188,45.28
2020-04-20,U00040,1000015,17.93
2020-08-10,U00103,1000038,40.32
2020-11-02,U00121,1000185,61.22
2020-08-24,U00449,1000084,17.62
2020-06-21,U00402,1000194,8.72
2020-07-21,U00416,1000073,75.55
2020-04-28,U00375,1000084,37.22
2020-04-18,U00027,1000170,97.91
2020-11-23,U00368,1000056,62.16
2020-07-17,U00164,1000046,46.58
2020-01-03,U00445,1000125,11.58
2020-04-02,U00324,1000036,93.2
2020-03-03,U00088,1000151,56.59
2020-04-08,U00259,1000020,45.07
2020-08-10,U00084,1000184,23.57
2020-07-06,U00310,1000063,33.49
2020-10-15,U00495,1000162,23.93
2020-08-03,U00486,1000092,42.43
2020-03-16,U00225,1000108,52.5
2020-12-14,U00389,1000039,82.04
2020-08-01,U00390,1000097,45.18
2020-02-25,U00464,1000076,60.95
2020-03-18,U00372,1000044,29.19
2020-08-10,U00232,1000072,40.26
2020-10-16,U00036,1000085,17.85
2020-08-07,U00079,1000048,5.39
2020-09-24,U00371,1000095,51.2
2020-07-13,U00496,1000190,40.08
2020-08-10,U00328,1000150,11.7
2020-01-04,U00197,1000144,20.26
2020-07-09,U00394,1000192,72.89
2020-09-23,U00250,1000162,69.72
2020-12-02,U00333,1000098,92.09
2020-12-08,U00124,1000122,8.24
2020-06-21,U00361,1000173,7.66
2020-11-21,U00075,1000066,61.91
2020-11-05,U00130,1000063,61.6
2020-11-27,U00082,1000003,15.97
2020-02-21,U00364,1000098,42.38
2020-10-03,U00265,1000048,87.34
2020-03-27,U00218,1000064,70.03
2020-09-18,U00337,1000097,60.09
2020-12-14,U00385,1000186,86.73
2020-02-21,U00293,1000198,79.97
2020-03-09,U00383,1000053,92.42
2020-07-23,U00157,1000001,97.78
2020-08-01,U00049,1000017,77.73
2020-07-17,U00213,1000167,32.1
2020-07-06,U00090,1000095,22.52
2020-03-07,U00249,1000046,52.25
2020-02-15,U00290,1000054,22.45
2020-01-24,U00093,1000194,23.04
2020-07-15,U00320,1000159,15.26
2020-11-06,U00040,1000075,13.06
2020-02-09,U00032,1000087,7.79
2020-04-16,U00248,1000172,76.49
2020-01-02,U00136,1000192,94.79
2020-11-19,U00404,1000010,14.1
2020-09-26,U00003,1000096,61.68
2020-05-16,U00242,1000193,36.68
2020-07-11,U00189,1000174,88.67
2020-06-27,U00122,1000092,67.52
2020-07-20,U00029,1000091,87.07
2020-02-01,U00233,1000178,42.77
2020-03-01,U00308,1000031,86.69
2020-05-23,U00384,1000063,39.63
2020-10-22,U00337,1000121,53.4
2020-11-07,U00001,1000163,95.01
2020-06-01,U00324,1000092,87.1
2020-12-11,U00347,1000113,26.95
2020-08-13,U00378,1000156,79.63
2020-06-14,U00480,1000121,97.77
2020-12-04,U00375,1000098,32.62
2020-04-23,U00073,1000133,87.37
2020-12-17,U00016,1000032,51.8
2020-02-10,U00426,1000172,98.65
2020-08-06,U00458,1000114,94.77
2020-08-22,U00276,1000061,27.88
2020-03-25,U00483,1000168,70.79
2020-02-14,U00366,1000007,20.06
2020-06-13,U00392,1000071,25.72
2020-05-22,U00243,1000171,16.57
2020-03-18,U00324,1000185,51.24
2020-12-11,U00446,1000057,92.59
2020-10-03,U00329,1000087,40.44
2020-12-24,U00376,1000185,40.88
2020-11-26,U00287,1000111,80.99
2020-04-09,U00059,1000074,13.24
2020-02-11,U00379,1000151,93.1
2020-12-04,U00293,1000094,16.98
2020-06-13,U00295,1000188,5.16
2020-01-19,U00274,1000048,84.63
2020-07-11,U00394,1000093,79.97
2020-03-17,U00339,1000154,60.53
2020-02-13,U00004,1000137,85.12
2020-06-05,U00417,1000075,83.7
2020-08-22,U00233,1000037,61.54
2020-03-24,U00340,1000179,8.23
2020-06-10,U00257,1000176,16.61
2020-12-19,U00244,1000161,82.9
2020-08-10,U00360,1000096,10.53
2020-06-05,U00423,1000183,24.8
2020-12-26,U00115,1000179,74.16
2020-03-28,U00249,1000186,41.83
2020-11-28,U00081,1000005,56.51
2020-06-14,U00347,1000121,98.09
2020-07-13,U00036,1000135,73.31
2020-05-23,U00472,1000049,70.9
2020-09-13,U00049,1000033,35.4
2020-10-28,U00412,1000013,84.88
2020-12-10,U00234,1000167,20.39
2020-03-15,U00356,1000123,32.36
2020-03-07,U00111,1000191,23.39
2020-11-01,U00185,1000185,85.48
2020-02-22,U00402,1000037,40.4
2020-07-22,U00430,1000043,92.04
2020-02-12,U00498,1000121,21.89
2020-01-04,U00263,1000166,36.82
2020-07-05,U00321,1000184,42.98
2020-01-04,U00123,1000101,50.93
2020-12-20,U00488,1000044,66.36
2020-07-25,U00354,1000171,66.9
2020-08-28,U00418,1000166,40.92
2020-11-21,U00227,1000094,6.09
2020-02-03,U00062,1000125,65.29
2020-09-08,U00011,1000150,58.86
2020-10-16,U00140,1000177,75.06
2020-10-06,U00196,1000123,99.0
2020-12-14,U00152,1000146,16.77
2020-06-03,U00365,1000137,22.38
2020-12-01,U00201,1000142,81.84
2020-09-16,U00032,1000132,83.69
2020-09-23,U00419,1000166,16.66
2020-04-22,U00459,1000030,21.98
2020-10-23,U00092,1000001,57.14
2020-06-04,U00020,1000032,59.06
2020-11-06,U00044,1000143,29.14
2020-01-03,U00063,1000129,33.07
2020-09-06,U00216,1000168,5.01
2020-05-02,U00484,1000132,90.03
2020-05-22,U00273,1000113,18.15
2020-08-23,U00160,1000133,90.61
2020-06-20,U00275,1000130,24.72
2020-02-22,U00419,1000011,27.29
2020-04-05,U00153,1000055,95.0
2020-10-18,U00110,1000151,38.75
2020-03-24,U00318,1000108,11.99
2020-05-09,U00195,1000166,89.94
2020-07-15,U00042,1000065,68.59
2020-12-05,U00274,1000052,11.63
2020-12-09,U00324,1000178,65.68
2020-12-12,U00288,1000168,65.89
2020-09-20,U00083,1000107,82.23
2020-06-26,U00222,1000097,7.44
2020-10-08,U00039,1000069,16.71
2020-02-22,U00280,1000104,11.2
2020-11-03,U00185,1000085,78.14
2020-03-28,U00408,1000057,30.72
2020-02-13,U00496,1000056,40.59
2020-02-26,U00473,1000031,21.52
2020-12-10,U00301,1000125,13.98
2020-06-23,U00292,1000072,56.84
2020-10-04,U00459,1000012,21.05
2020-07-06,U00176,1000189,68.71
2020-09-18,U00304,1000103,49.83
2020-03-09,U00004,1000175,53.28
2020-03-22,U00064,1000036,40.61
2020-12-09,U00027,1000185,65.08
2020-06-23,U00398,1000063,68.75
2020-07-23,U00234,1000046,46.26
2020-06-26,U00239,1000128,31.96
2020-07-17,U00482,1000183,87.85
2020-04-10,U00325,1000022,94.06
2020-07-25,U00160,1000023,64.66
2020-02-24,U00122,1000023,20.52
2020-01-03,U00380,1000073,57.09
2020-08-26,U00447,1000002,95.44
2020-07-22,U00260,1000187,17.82
2020-08-17,U00350,1000173,88.48
2020-12-04,U00207,1000003,62.93
2020-12-01,U00365,1000108,71.04
2020-12-12,U00125,1000189,67.15
2020-09-22,U00311,1000010,62.09
2020-03-22,U00476,1000195,54.21
2020-04-06,U00038,1000093,83.9
2020-09-12,U00487,1000013,44.74
2020-07-06,U00191,1000028,36.77
2020-11-08,U00425,1000138,84.97
2020-02-10,U00153,1000123,32.59
2020-04-01,U00377,1000161,58.47
2020-04-10,U00475,1000164,53.46
2020-01-15,U00456,1000158,84.75
2020-01-12,U00003,1000157,48.27
2020-05-12,U00054,1000001,37.87
2020-12-06,U00205,1000090,5.83
2020-07-16,U00101,1000021,54.74
2020-03-14,U00063,1000124,5.65
2020-11-09,U00115,1000120,42.16
2020-05-12,U00219,1000046,55.42
2020-05-04,U00224,1000168,83.9
2020-03-05,U00181,1000191,45.79
2020-06-28,U00363,1000050,15.4
2020-05-02,U00068,1000101,44.58
2020-06-02,U00082,1000170,23.71
2020-08-22,U00136,1000030,44.58
2020-09-16,U00409,1000174,72.15
2020-06-25,U00391,1000199,87.89
2020-09-24,U00472,1000189,84.25
2020-07-05,U00056,1000027,79.52
2020-03-05,U00176,1000128,6.28
2020-11-08,U00026,1000173,83.0
2020-07-20,U00377,1000002,45.83
2020-05-10,U00248,1000021,76.52
2020-04-20,U00078,1000186,53.06
2020-04-09,U00392,1000029,86.23
2020-12-08,U00341,1000109,23.65
2020-12-26,U00414,1000026,70.91
2020-09-20,U00092,1000048,98.3
2020-10-21,U00324,1000038,26.56
2020-03-13,U00019,1000070,98.1
2020-03-14,U00009,1000157,23.77
2020-01-13,U00208,1000134,33.81
2020-11-08,U00113,1000086,45.05
2020-01-17,U00218,1000164,9.86
2020-02-09,U00186,1000071,93.64
2020-12-14,U00126,1000081,89.14
2020-03-02,U00000,1000013,67.08
2020-06-07,U00146,1000120,31.33
2020-10-04,U00220,1000047,28.71
2020-08-12,U00171,1000077,15.48
2020-11-01,U00349,1000141,77.42
2020-03-11,U00184,1000189,81.14
2020-12-25,U00301,1000135,61.84
2020-04-21,U00141,1000053,59.93
2020-02-04,U00066,1000161,74.8
2020-02-02,U00300,1000167,81.84
2020-04-23,U00228,1000025,12.04
2020-09-20,U00175,1000077,73.18
2020-04-18,U00369,1000039,9.12
2020-04-14,U00281,1000182,28.74
2020-09-12,U00458,1000093,47.16
2020-12-04,U00466,1000111,11.36
2020-07-17,U00476,1000128,79.34
2020-03-20,U00140,1000178,95.94
2020-05-02,U00489,1000144,10.71
2020-12-07,U00379,1000101,51.53
2020-09-28,U00262,1000019,20.56
2020-09-13,U00287,1000199,41.68
2020-10-09,U00105,1000047,5.34
2020-10-07,U00303,1000178,5.83
2020-09-15,U00257,1000181,72.73
2020-05-10,U00436,1000056,32.86
2020-05-18,U00060,1000043,26.05
2020-09-08,U00149,1000010,65.12
2020-05-05,U00138,1000013,65.39
2020-04-27,U00107,1000136,15.92
2020-11-12,U00323,1000154,96.39
2020-06-03,U00484,1000180,88.09
2020-05-24,U00068,1000104,89.44
2020-05-11,U00029,1000160,81.7
2020-06-08,U00374,1000071,21.61
2020-01-18,U00336,1000199,93.27
2020-10-04,U00369,1000190,69.68
2020-11-09,U00445,1000160,64.62
2020-09-07,U00418,1000113,25.74
2020-05-07,U00297,1000161,80.93
2020-07-05,U00228,1000059,73.6
2020-07-12,U00075,1000122,13.81
2020-03-15,U00094,1000045,22.75
2020-08-24,U00092,1000165,31.51
2020-05-06,U00453,1000045,81.84
2020-11-20,U00096,1000017,18.49
2020-07-08,U00232,1000165,96.22
2020-02-24,U00269,1000035,73.32
2020-01-20,U00051,1000096,41.1
2020-02-27,U00006,1000195,83.07
2020-01-05,U00127,1000197,12.86
2020-03-21,U00307,1000003,79.49
2020-01-26,U00054,1000138,74.2
2020-06-28,U00362,1000021,24.02
2020-08-25,U00288,1000113,81.65
2020-05-11,U00245,1000039,27.92
2020-09-23,U00136,1000160,56.1
2020-01-27,U00022,1000026,56.2
2020-02-17,U00453,1000106,18.33
2020-04-01,U00116,1000109,41.23
2020-06-21,U00146,1000057,91.64
2020-11-13,U00351,1000183,82.34
2020-02-16,U00086,1000028,26.11
2020-05-12,U00039,1000157,36.37
2020-06-03,U00458,1000011,61.82
2020-03-14,U00271,1000085,61.36
2020-11-14,U00076,1000170,69.59
2020-10-27,U00146,1000089,87.29
2020-05-16,U00338,1000094,92.69
2020-12-26,U00039,1000000,86.0
2020-03-25,U00335,1000037,35.1
2020-07-15,U00369,1000122,81.58
2020-02-19,U00218,1000186,31.18
2020-02-11,U00065,1000046,77.15
2020-06-11,U00253,1000108,50.24
2020-07-20,U00406,1000162,36.35
2020-11-08,U00196,1000107,56.64
2020-09-18,U00252,1000136,55.4
2020-04-13,U00042,1000148,72.2
2020-09-19,U00397,1000177,81.26
2020-04-23,U00044,1000060,39.0
2020-04-28,U00008,1000092,57.49
2020-03-04,U00030,1000089,38.92
2020-03-10,U00235,1000036,83.51
2020-09-14,U00124,1000053,82.82
2020-01-24,U00070,1000030,95.43
2020-12-05,U00193,1000187,7.48
2020-07-12,U00027,1000179,14.96
2020-10-03,U00244,1000152,86.82
2020-01-05,U00187,1000036,12.43
2020-02-01,U00291,1000106,19.07
2020-03-16,U00380,1000035,75.32
2020-12-10,U00240,1000105,72.92
2020-08-26,U00330,1000177,6.24
2020-02-05,U00030,1000164,8.02
2020-03-17,U00082,1000002,42.26
2020-07-22,U00485,1000116,57.09
2020-05-19,U00256,1000078,71.68
2020-07-06,U00139,1000023,54.02
2020-03-24,U00108,1000102,63.19
2020-04-13,U00094,1000190,96.74
2020-10-27,U00039,1000177,49.03
2020-06-21,U00328,1000103,82.76
2020-03-02,U00411,1000095,65.78
2020-04-09,U00055,1000026,12.31
2020-10-25,U00433,1000085,7.64
2020-05-06,U00277,1000027,11.14
2020-10-01,U00387,1000079,22.65
2020-04-21,U00475,1000008,27.59
2020-02-19,U00289,1000011,57.99
2020-08-02,U00024,1000080,13.76
2020-05-01,U00182,1000192,31.55
2020-07-17,U00099,1000080,75.67
2020-12-12,U00498,1000033,71.05
2020-02-11,U00208,1000189,52.34
2020-09-26,U00396,1000038,7.23
2020-07-16,U00300,1000009,32.27
2020-03-22,U00237,1000020,88.21
2020-02-23,U00118,1000055,80.9
2020-11-05,U00393,1000183,20.14
2020-09-17,U00373,1000155,66.23
2020-06-15,U00402,1000033,36.87
2020-06-20,U00438,1000110,8.76
2020-12-25,U00349,1000099,27.48
2020-10-20,U00038,1000039,58.29
2020-08-04,U00412,1000003,18.41
2020-05-18,U00444,1000022,51.9
2020-08-11,U00086,1000075,20.18
2020-05-19,U00186,1000090,13.39
2020-03-23,U00395,1000117,29.25
2020-08-09,U00390,1000113,66.13
2020-03-04,U00497,1000145,50.9
2020-06-28,U00146,1000102,43.45
2020-10-22,U00066,1000112,39.47
2020-10-11,U00191,1000021,69.13
2020-09-15,U00134,1000174,9.01
2020-11-02,U00379,1000062,70.78
2020-09-01,U00079,1000026,32.32
2020-03-19,U00204,1000018,25.97
2020-08-22,U00047,1000089,48.79
2020-11-18,U00460,1000119,15.26
2020-03-24,U00055,1000101,77.21
2020-04-13,U00168,1000016,34.82
2020-10-16,U00108,1000179,74.68
2020-02-09,U00232,1000009,56.24
2020-08-05,U00327,1000054,35.1
2020-01-20,U00396,1000097,10.87
2020-06-26,U00220,1000121,25.06
2020-04-28,U00011,1000194,69.27
2020-05-09,U00325,1000045,12.86
2020-02-09,U00207,1000020,33.04
2020-12-15,U00446,1000107,54.33
2020-11-09,U00094,1000013,13.69
2020-07-11,U00493,1000192,32.91
2020-04-12,U00482,1000107,50.27
2020-09-23,U00401,1000041,95.77
2020-07-12,U00467,1000177,58.61
2020-01-18,U00400,1000152,23.66
2020-12-22,U00296,1000157,18.59
2020-11-27,U00480,1000187,74.83
2020-12-24,U00162,1000003,19.15
2020-08-05,U00255,1000081,15.68
2020-11-14,U00134,1000133,72.89
2020-08-27,U00438,1000032,64.62
2020-11-19,U00049,1000009,25.55
2020-04-14,U00356,1000139,77.79
2020-10-13,U00110,1000089,24.72
2020-04-22,U00295,1000003,39.8
2020-06-01,U00154,1000078,52.2
2020-02-23,U00255,1000166,98.91
2020-07-14,U00180,1000090,82.85
2020-07-17,U00498,1000195,36.57
2020-03-15,U00219,1000095,21.63
2020-10-06,U00277,1000111,40.87
2020-11-23,U00348,1000111,64.61
2020-12-20,U00480,1000025,98.56
2020-02-03,U00332,1000004,62.93
2020-07-04,U00254,1000191,75.66
2020-09-04,U00324,1000113,52.32
2020-01-22,U00148,1000107,24.92
2020-08-18,U00195,1000029,23.38
2020-08-04,U00179,1000118,43.82
2020-11-23,U00401,1000189,42.21
2020-06-26,U00114,1000129,31.66
2020-11-09,U00157,1000106,68.29
2020-01-14,U00016,1000003,7.47
2020-06-27,U00418,1000132,82.08
2020-10-11,U00171,1000043,95.16
2020-07-08,U00284,1000100,23.11
2020-11-13,U00424,1000013,80.33
2020-10-14,U00065,1000162,41.7
2020-12-06,U00206,1000081,53.62
2020-07-08,U00050,1000181,80.31
2020-09-04,U00323,1000147,78.72
2020-11-09,U00428,1000141,19.95
2020-06-07,U00047,1000023,7.41
2020-01-21,U00394,1000151,19.39
2020-10-23,U00278,1000020,58.75
2020-01-24,U00375,1000033,97.44
2020-11-21,U00398,1000091,22.54
2020-11-08,U00152,1000049,55.33
2020-04-24,U00399,1000096,77.42
2020-11-02,U00140,1000021,92.89
2020-11-01,U00326,1000148,86.49
2020-02-15,U00474,1000152,16.53
2020-03-10,U00134,1000046,13.72
2020-08-28,U00185,1000053,41.74
2020-08-26,U00011,1000105,11.92
2020-11-03,U00107,1000175,44.47
2020-06-21,U00465,1000115,81.0
2020-03-10,U00005,1000045,67.01
2020-11-20,U00437,1000008,16.02
2020-06-12,U00247,1000157,61.4
2020-01-06,U00267,1000189,28.92
2020-02-07,U00310,1000007,55.38
2020-09-17,U00389,1000039,25.33
2020-06-04,U00460,1000055,7.77
2020-03-08,U00042,1000186,70.01
2020-03-09,U00140,1000123,23.73
2020-02-12,U00362,1000141,66.28
2020-08-24,U00414,1000126,45.99
2020-07-07,U00128,1000044,23.6
2020-12-09,U00492,1000100,14.67
2020-10-10,U00084,1000052,94.65
2020-08-14,U00452,1000114,44.83
2020-12-09,U00417,1000081,63.55
2020-10-13,U00219,1000051,58.31
2020-06-21,U00419,1000016,47.24
2020-01-17,U00129,1000150,43.52
2020-10-27,U00449,1000165,94.34
2020-09-12,U00203,1000007,15.78
2020-06-14,U00404,1000047,38.63
2020-02-07,U00336,1000095,39.96
2020-06-04,U00004,1000081,69.7
2020-12-11,U00109,1000119,58.34
2020-06-08,U00287,1000016,41.25
2020-10-07,U00269,1000055,14.67
2020-05-23,U00311,1000171,12.03
2020-11-14,U00349,1000193,45.91
2020-06-07,U00100,1000012,80.46
2020-08-02,U00140,1000107,16.21
2020-08-06,U00307,1000083,60.57
2020-04-19,U00010,1000072,6.68
2020-10-01,U00466,1000118,31.73
2020-07-02,U00458,1000136,91.3
2020-01-11,U00330,1000004,11.53
2020-02-27,U00410,1000106,72.99
2020-05-11,U00385,1000088,42.63
2020-09-25,U00160,1000126,62.56
2020-07-10,U00356,1000116,51.37
2020-11-04,U00431,1000095,93.14
2020-02-01,U00114,1000012,82.59
2020-03-04,U00165,1000176,73.08
2020-04-06,U00045,1000048,73.07
2020-06-27,U00462,1000137,98.02
2020-12-28,U00026,1000066,88.03
2020-01-04,U00024,1000077,12.05
2020-06-23,U00313,1000097,30.37
2020-03-05,U00298,1000117,16.27
2020-06-28,U00075,1000192,59.91
2020-07-21,U00228,1000171,16.5
2020-09-08,U00295,1000122,67.16
2020-05-11,U00395,1000187,50.37
2020-02-09,U00392,1000075,71.87
2020-06-18,U00427,1000062,66.99
2020-12-28,U00105,1000177,12.33
2020-08-02,U00108,1000003,68.03
2020-08-27,U00197,1000048,50.84
2020-06-07,U00416,1000151,76.59
2020-09-28,U00160,1000194,93.77
2020-12-15,U00335,1000039,84.69
2020-02-05,U00112,1000093,41.24
2020-08-28,U00317,1000131,24.08
2020-07-07,U00035,1000071,44.77
2020-11-10,U00487,1000147,65.95
2020-03-15,U00448,1000027,75.03
2020-04-01,U00457,1000117,22.58
2020-01-16,U00338,1000135,47.55
2020-05-04,U00474,1000140,12.9
2020-07-07,U00077,1000101,52.21
2020-09-11,U00027,1000112,30.62
2020-02-02,U00332,1000097,73.81
2020-07-07,U00150,1000048,42.85
2020-10-09,U00271,1000155,51.4
2020-07-04,U00348,1000012,65.76
2020-02-08,U00058,1000013,89.14
2020-10-09,U00122,1000016,55.02
2020-05-08,U00451,1000158,70.75
2020-07-13,U00201,1000025,25.67
2020-12-09,U00253,1000052,21.08
2020-04-12,U00326,1000073,71.35
2020-05-24,U00001,1000024,22.4
2020-12-20,U00244,1000189,33.7
2020-12-08,U00087,1000080,69.06
2020-03-06,U00170,1000116,18.33
2020-01-22,U00242,1000109,36.4
2020-03-09,U00451,1000019,21.05
2020-01-20,U00180,1000121,59.82
2020-08-28,U00126,1000120,15.28
2020-01-19,U00348,1000074,83.52
2020-09-17,U00085,1000193,18.78
2020-02-04,U00155,1000188,36.55
2020-08-24,U00179,1000139,29.19
2020-08-09,U00186,1000117,6.27
2020-06-10,U00363,1000085,88.79
2020-11-28,U00442,1000152,50.53
2020-05-22,U00265,1000186,65.14
2020-03-14,U00438,1000056,66.98
2020-03-12,U00254,1000007,27.97
2020-12-23,U00498,1000110,38.79
2020-12-03,U00099,1000096,65.04
2020-05-21,U00347,1000139,89.53
2020-08-17,U00089,1000067,90.57
2020-06-11,U00200,1000150,44.23
2020-05-10,U00097,1000010,59.47
2020-12-11,U00427,1000156,16.56
2020-08-19,U00495,1000088,32.11
2020-01-16,U00474,1000175,18.83
2020-11-05,U00267,1000074,63.64
2020-11-06,U00155,1000124,32.1
2020-05-01,U00232,1000010,25.43
2020-10-04,U00027,1000125,33.75
2020-07-12,U00338,1000000,9.69
2020-03-12,U00449,1000072,78.81
2020-09-22,U00490,1000196,57.71
2020-02-23,U00138,1000036,98.62
2020-04-14,U00299,1000020,32.34
2020-01-16,U00477,1000090,28.38
2020-11-21,U00197,1000108,42.52
2020-02-09,U00471,1000077,61.12
2020-03-19,U00223,1000173,87.34
2020-10-05,U00349,1000196,23.75
2020-03-14,U00283,1000051,33.3
2020-02-10,U00290,1000160,48.35
2020-03-13,U00400,1000111,14.03
2020-09-15,U00355,1000080,52.36
2020-11-23,U00183,1000119,38.29
2020-08-14,U00492,1000105,48.36
2020-09-01,U00490,1000196,44.57
2020-03-20,U00464,1000077,78.94
2020-10-17,U00191,1000032,63.36
2020-10-10,U00027,1000193,84.44
2020-03-13,U00343,1000001,48.5
2020-09-15,U00429,1000013,12.96
2020-05-27,U00332,1000027,36.35
2020-02-27,U00148,1000144,50.26
2020-06-28,U00031,1000031,74.6
2020-11-17,U00378,1000183,9.98
2020-04-17,U00073,1000143,74.6
2020-08-05,U00114,1000172,65.13
2020-03-10,U00321,1000079,72.6
2020-01-26,U00248,1000159,69.65
2020-02-03,U00000,1000039,61.76
2020-02-17,U00049,1000063,24.2
2020-08-01,U00426,1000129,46.72
2020-01-04,U00153,1000103,50.47
2020-03-27,U00120,1000139,29.47
2020-10-22,U00224,1000168,63.01
2020-07-05,U00325,1000005,22.37
2020-12-22,U00123,1000043,53.08
2020-12-18,U00102,1000121,50.16
2020-05-22,U00051,1000150,51.34
2020-11-09,U00200,1000098,70.58
2020-02-15,U00213,1000108,18.93
2020-05-15,U00061,1000144,41.61
2020-10-10,U00017,1000165,66.14
2020-11-20,U00227,1000010,90.36
2020-06-05,U00239,1000185,48.08
2020-01-06,U00183,1000128,85.45
2020-09-07,U00178,1000180,54.36
2020-09-03,U00089,1000167,19.23
2020-11-24,U00288,1000086,48.19
2020-03-09,U00401,1000195,66.89
2020-07-03,U00469,1000165,50.47
2020-08-20,U00337,1000046,59.15
2020-09-25,U00337,1000134,29.37
2020-12-11,U00301,1000148,37.72
2020-10-27,U00206,1000017,9.22
2020-12-06,U00118,1000024,67.53
2020-08-22,U00243,1000082,76.43
2020-12-26,U00121,1000026,89.58
2020-03-24,U00456,1000098,76.05
2020-07-03,U00031,1000156,28.55
2020-01-28,U00383,1000018,46.5
2020-06-20,U00323,1000007,91.81
2020-06-04,U00357,1000115,40.5
2020-11-19,U00284,1000051,23.4
2020-08-15,U00347,1000073,26.2
2020-12-06,U00222,1000135,81.02
2020-04-03,U00298,1000006,64.14
2020-11-04,U00104,1000008,81.14
2020-01-12,U00396,1000104,58.42
2020-02-11,U00094,1000174,73.62
2020-12-21,U00270,1000127,22.87
2020-04-19,U00423,1000121,52.08
2020-06-20,U00460,1000143,85.22
2020-02-15,U00218,1000160,40.36
2020-02-19,U00040,1000032,78.54
2020-05-04,U00060,1000127,26.67
2020-10-18,U00169,1000005,26.06
2020-05-27,U00128,1000099,71.11
2020-02-28,U00446,1000040,96.0
2020-02-18,U00294,1000061,85.2
2020-10-17,U00159,1000102,63.15
2020-09-23,U00456,1000028,59.78
2020-05-21,U00015,1000008,36.78
2020-05-07,U00171,1000195,10.58
2020-04-18,U00418,1000187,35.98
2020-11-02,U00120,1000126,11.85
2020-10-20,U00359,1000195,80.9
2020-06-03,U00486,1000106,61.23
2020-10-03,U00454,1000141,50.0
2020-03-09,U00370,1000010,14.78
2020-08-17,U00115,1000166,37.92
2020-08-10,U00400,1000058,7.02
2020-01-01,U00396,1000050,55.21
2020-07-22,U00350,1000188,6.7
2020-08-02,U00198,1000196,40.46
2020-03-14,U00359,1000109,56.66
2020-02-15,U00060,1000157,97.36
2020-06-12,U00099,1000087,46.03
2020-01-08,U00118,1000023,60.33
2020-04-14,U00382,1000192,88.5
2020-09-19,U00023,1000003,87.09
2020-04-27,U00029,1000019,10.33
2020-08-06,U00144,1000011,34.53
2020-10-21,U00455,1000062,98.82
2020-03-20,U00203,1000122,66.81
2020-11-03,U00039,1000064,93.21
2020-04-16,U00361,1000188,81.46
2020-04-15,U00365,1000077,93.49
2020-09-10,U00444,1000167,27.96
2020-05-11,U00357,1000138,52.32
2020-01-12,U00461,1000105,71.32
2020-10-16,U00143,1000020,24.13
2020-03-27,U00499,1000133,26.67
2020-12-18,U00107,1000031,40.0
2020-03-02,U00120,1000178,46.39
2020-08-04,U00010,1000127,83.61
2020-05-09,U00301,1000098,33.24
2020-02-02,U00142,1000156,41.09
2020-01-28,U00195,1000098,46.74
2020-04-07,U00194,1000047,67.03
2020-09-02,U00338,1000078,7.94
2020-06-01,U00465,1000155,75.92
2020-06-27,U00464,1000067,81.16
2020-10-07,U00387,1000007,37.05
2020-10-14,U00443,1000109,78.57
2020-12-25,U00029,1000027,57.01
2020-12-22,U00147,1000136,48.57
2020-10-24,U00290,1000196,53.78
2020-03-13,U00239,1000190,98.31
2020-04-05,U00464,1000003,31.39
2020-11-09,U00043,1000063,77.51
2020-05-11,U00292,1000101,8.63
2020-05-12,U00137,1000168,28.55
2020-11-26,U00395,1000155,6.16
2020-05-19,U00338,1000082,83.58
2020-03-15,U00236,1000004,46.35
2020-08-02,U00494,1000091,50.14
2020-09-07,U00209,1000014,59.48
2020-02-09,U00459,1000156,56.84
2020-02-15,U00092,1000066,77.0
2020-05-09,U00444,1000126,16.96
2020-11-06,U00075,1000158,66.66
2020-04-04,U00335,1000009,22.32
2020-09-28,U00225,1000148,34.83
2020-09-23,U00116,1000015,94.46
2020-05-09,U00008,1000173,84.42
2020-06-18,U00367,1000011,61.45
2020-06-04,U00039,1000129,46.72
2020-09-03,U00121,1000052,35.62
2020-06-27,U00421,1000174,44.1
2020-11-14,U00448,1000072,18.45
2020-06-20,U00403,1000092,36.49
2020-07-21,U00191,1000120,93.59
2020-05-20,U00015,1000041,39.62
2020-05-05,U00466,1000151,7.4
2020-10-07,U00413,1000080,53.01
2020-12-17,U00401,1000148,72.01
2020-04-13,U00425,1000149,8.06
2020-12-05,U00195,1000195,98.8
2020-02-03,U00490,1000057,58.15
2020-10-21,U00280,1000187,44.3
2020-12-04,U00433,1000135,80.03
2020-10-16,U00337,1000134,53.91
2020-06-09,U00099,1000147,32.55
2020-04-11,U00124,1000196,96.88
2020-04-15,U00161,1000191,96.41
2020-12-08,U00227,1000187,95.02
2020-07-12,U00040,1000090,57.68
2020-02-12,U00334,1000123,61.89
2020-08-26,U00214,1000058,58.52
2020-03-18,U00125,1000198,90.47
2020-11-19,U00340,1000035,61.92
2020-05-11,U00160,1000030,12.66
2020-07-17,U00075,1000147,51.45
2020-04-06,U00448,1000116,6.46
2020-02-14,U00134,1000195,57.13
2020-08-24,U00051,1000032,86.73
2020-07-01,U00353,1000042,98.05
2020-03-17,U00443,1000135,91.35
2020-07-12,U00065,1000102,70.51
2020-04-23,U00150,1000030,36.66
2020-06-19,U00311,1000157,15.13
2020-12-02,U00037,1000189,91.55
2020-08-14,U00322,1000115,74.63
2020-07-10,U00387,1000122,70.81
2020-12-06,U00370,1000196,60.42
2020-09-03,U00077,1000001,60.79
2020-06-22,U00332,1000116,40.66
2020-08-06,U00260,1000184,60.28
2020-02-08,U00152,1000126,37.07
2020-10-17,U00459,1000134,59.5
2020-07-10,U00165,1000098,34.95
2020-03-05,U00021,1000188,87.94
2020-12-07,U00220,1000132,31.16
2020-10-11,U00050,1000088,31.77
2020-02-10,U00140,1000124,46.26
2020-03-10,U00480,1000066,97.95
2020-02-08,U00341,1000071,18.25
2020-04-18,U00429,1000130,75.96
2020-01-20,U00462,1000010,95.23
2020-09-18,U00409,1000049,5.63
2020-01-12,U00104,1000072,93.53
2020-10-14,U00374,1000113,53.96
2020-08-10,U00470,1000028,72.33
2020-02-15,U00455,1000110,51.37
2020-02-28,U00070,1000071,73.77
2020-02-12,U00411,1000020,74.96
2020-04-24,U00038,1000083,19.73
2020-06-09,U00232,1000161,74.14
2020-11-25,U00037,1000180,69.67
2020-01-14,U00051,1000180,79.65
2020-06-07,U00430,1000142,67.15
2020-11-02,U00485,1000162,63.96
2020-04-05,U00300,1000096,86.98
2020-04-22,U00100,1000067,49.19
2020-08-27,U00095,1000187,51.69
2020-03-07,U00325,1000022,94.38
2020-12-24,U00109,1000000,45.83
2020-08-18,U00312,1000053,71.74
2020-01-14,U00352,1000067,62.66
2020-11-19,U00120,1000163,37.78
2020-09-22,U00488,1000046,87.52
2020-04-10,U00342,1000124,51.08
2020-11-13,U00306,1000091,56.08
2020-05-04,U00112,1000028,95.51
2020-05-14,U00496,1000114,35.59
2020-11-14,U00059,1000045,48.69
2020-06-22,U00058,1000088,70.52
2020-12-05,U00396,1000123,83.97
2020-08-20,U00210,1000175,27.08
2020-05-09,U00259,1000055,88.64
2020-07-02,U00287,1000197,35.38
2020-11-11,U00210,1000100,81.05
2020-07-13,U00133,1000013,30.22
2020-12-08,U00173,1000162,81.94
2020-05-15,U00209,1000056,58.82
2020-03-18,U00105,1000199,63.78
2020-10-20,U00168,1000033,61.87
2020-01-24,U00010,1000097,13.48
2020-12-11,U00467,1000090,77.08
2020-09-03,U00335,1000012,53.75
2020-06-18,U00101,1000040,83.79
2020-07-28,U00367,1000058,32.28
2020-03-12,U00169,1000105,25.27
2020-12-08,U00481,1000003,8.39
2020-01-25,U00481,1000134,14.64
2020-07-26,U00248,1000010,19.75
2020-05-01,U00117,1000161,77.61
2020-04-02,U00139,1000191,16.62
2020-07-21,U00205,1000033,81.92
2020-05-28,U00043,1000019,11.95
2020-12-23,U00390,1000187,44.05
2020-01-24,U00425,1000138,61.86
2020-03-04,U00376,1000150,79.51
2020-04-27,U00310,1000079,78.77
2020-07-17,U00380,1000005,33.4
2020-08-07,U00051,1000067,96.11
2020-10-16,U00192,1000074,45.38
2020-04-14,U00287,1000071,50.43
2020-12-18,U00259,1000062,40.95
2020-08-24,U00201,1000095,76.69
2020-12-04,U00231,1000057,59.32
2020-01-13,U00394,1000059,47.03
2020-08-19,U00055,1000164,34.2
2020-03-26,U00322,1000021,13.97
2020-03-07,U00442,1000125,60.78
2020-02-05,U00206,1000157,83.78
2020-09-24,U00429,1000145,76.49
2020-01-25,U00252,1000064,43.71
2020-12-11,U00427,1000038,8.43
2020-12-19,U00306,1000104,86.91
2020-05-23,U00107,1000193,57.87
2020-08-18,U00255,1000080,95.19
2020-04-11,U00236,1000181,50.4
2020-09-28,U00378,1000187,12.65
2020-02-14,U00358,1000019,40.31
2020-01-06,U00266,1000191,16.42
2020-04-15,U00445,1000029,8.67
2020-07-16,U00087,1000160,80.5
2020-08-05,U00383,1000140,44.31
2020-01-10,U00060,1000111,98.6
2020-12-22,U00138,1000133,35.3
2020-06-19,U00332,1000042,18.3
2020-09-22,U00104,1000157,94.49
2020-06-17,U00309,1000064,49.38
2020-04-11,U00474,1000191,72.69
2020-03-06,U00268,1000183,82.96
2020-01-11,U00213,1000045,19.13
2020-02-01,U00159,1000179,22.64
2020-12-04,U00275,1000117,36.12
2020-01-20,U00239,1000152,19.71
2020-06-21,U00286,1000057,37.43
2020-01-07,U00140,1000072,82.15
2020-07-19,U00373,1000078,39.52
2020-07-09,U00287,1000138,65.31
2020-04-03,U00303,1000039,14.68
2020-04-09,U00091,1000067,57.98
2020-03-26,U00267,1000150,65.61
2020-07-11,U00294,1000197,85.22
2020-10-09,U00494,1000188,86.91
2020-11-16,U00107,1000043,5.25
2020-04-07,U00046,1000157,18.77
2020-03-16,U00447,1000000,35.39
2020-01-05,U00261,1000112,44.99
2020-08-11,U00154,1000128,76.44
2020-04-18,U00201,1000096,77.75
2020-12-16,U00181,1000079,83.83
2020-06-17,U00040,1000154,84.17
2020-03-21,U00426,1000071,71.87
2020-07-18,U00226,1000125,70.34
2020-05-22,U00061,1000142,89.58
2020-11-12,U00091,1000006,86.42
2020-08-25,U00343,1000088,73.48
2020-04-20,U00286,1000048,40.95
2020-03-24,U00005,1000050,46.56
2020-09-07,U00002,1000150,34.18
2020-02-12,U00468,1000064,52.26
2020-01-20,U00139,1000008,65.84
2020-11-16,U00203,1000011,98.6
2020-12-09,U00140,1000160,10.38
2020-10-27,U00015,1000183,92.19
2020-10-21,U00232,1000125,21.33
2020-12-28,U00331,1000192,56.29
2020-02-02,U00189,1000007,62.61
2020-12-05,U00361,1000188,21.63
2020-03-03,U00214,1000030,10.27
2020-11-23,U00031,1000080,14.16
2020-09-09,U00436,1000049,66.58
2020-12-01,U00170,1000172,84.73
2020-06-23,U00086,1000150,72.88
2020-06-17,U00007,1000170,42.9
2020-11-22,U00031,1000016,23.14
2020-09-05,U00373,1000068,12.89
2020-08-02,U00141,1000155,23.68
2020-09-14,U00088,1000162,75.2
2020-01-10,U00140,1000143,37.96
2020-06-15,U00290,1000178,13.09
2020-08-03,U00059,1000023,22.16
2020-02-06,U00162,1000151,63.9
2020-01-25,U00086,1000002,25.45
2020-06-15,U00041,1000185,93.66
2020-05-27,U00348,1000164,93.61
2020-04-24,U00386,1000188,17.48
2020-01-13,U00361,1000073,21.73
2020-03-19,U00161,1000105,26.24
2020-04-09,U00452,1000051,21.65
2020-05-09,U00357,1000112,29.87
2020-08-12,U00296,1000093,37.79
2020-11-17,U00230,1000161,69.58
2020-03-02,U00486,1000149,41.25
2020-09-19,U00107,1000179,45.78
2020-11-26,U00349,1000073,24.5
2020-12-17,U00282,1000190,79.66
2020-02-17,U00395,1000053,29.27
2020-08-09,U00016,1000029,53.6
2020-11-06,U00243,1000035,48.92
2020-06-12,U00288,1000096,66.88
2020-01-11,U00359,1000026,64.17
2020-01-06,U00215,1000121,36.46
2020-11-04,U00095,1000091,33.79
2020-08-18,U00095,1000192,7.04
2020-10-15,U00303,1000147,70.28
2020-12-13,U00242,1000062,28.74
2020-06-20,U00172,1000123,68.78
2020-05-02,U00497,1000059,76.74
2020-09-04,U00215,1000109,77.76
2020-10-13,U00303,1000007,20.42
2020-03-10,U00453,1000152,95.73
2020-09-07,U00487,1000145,75.67
2020-03-22,U00170,1000013,96.21
2020-05-26,U00392,1000036,80.34
2020-08-13,U00084,1000117,5.08
2020-03-07,U00452,1000044,33.32
2020-02-06,U00120,1000052,46.04
2020-12-08,U00078,1000175,57.2
2020-06-01,U00244,1000040,37.4
2020-08-18,U00351,1000100,70.69
2020-08-22,U00192,1000118,71.39
2020-02-13,U00065,1000081,76.73
2020-03-13,U00395,1000083,89.41
2020-11-24,U00446,1000108,61.11
2020-09-03,U00177,1000125,67.97
2020-10-01,U00113,1000155,21.75
2020-04-12,U00185,1000087,52.14
2020-01-20,U00306,1000192,42.43
2020-02-21,U00117,1000035,52.0
2020-01-07,U00154,1000111,13.73
2020-07-21,U00092,1000108,19.17
2020-05-13,U00345,1000123,8.27
2020-07-06,U00083,1000101,69.14
2020-02-15,U00412,1000021,37.55
2020-12-04,U00335,1000103,80.53
2020-01-06,U00163,1000032,59.02
2020-07-22,U00232,1000002,50.7
2020-11-13,U00216,1000197,10.12
2020-07-09,U00379,1000162,15.9
2020-08-17,U00190,1000199,49.51
2020-06-28,U00273,1000093,15.5
2020-03-14,U00272,1000194,41.05
2020-11-03,U00076,1000001,36.69
2020-12-19,U00132,1000050,53.4
2020-10-24,U00446,1000116,45.88
2020-08-10,U00020,1000031,86.58
2020-08-12,U00025,1000153,69.52
2020-05-14,U00172,1000172,32.84
2020-01-18,U00136,1000045,32.56
2020-07-01,U00228,1000083,32.98
2020-01-20,U00057,1000091,73.8
2020-09-24,U00202,1000063,21.47
2020-09-04,U00064,1000186,18.6
2020-08-14,U00457,1000070,37.47
2020-08-23,U00316,1000062,91.36
2020-12-27,U00268,1000145,48.09
2020-02-11,U00190,1000009,18.79
2020-12-21,U00415,1000025,40.9
2020-12-03,U00172,1000163,75.43
2020-07-13,U00011,1000047,94.33
2020-05-24,U00334,1000190,87.99
2020-07-04,U00406,1000049,58.66
2020-05-20,U00263,1000138,85.3
2020-04-23,U00409,1000012,40.18
2020-08-07,U00389,1000111,30.83
2020-12-25,U00095,1000070,52.15
2020-01-20,U00204,1000046,68.75
2020-05-01,U00208,1000053,6.76
2020-07-22,U00066,1000070,30.1
2020-10-26,U00499,1000162,34.91
2020-04-08,U00009,1000181,35.51
2020-02-20,U00147,1000186,71.93
2020-08-19,U00215,1000162,60.95
2020-09-13,U00243,1000142,6.18
2020-06-11,U00177,1000113,19.27
2020-12-16,U00107,1000136,70.59
2020-11-13,U00130,1000103,8.03
2020-10-03,U00323,1000124,57.76
2020-06-03,U00106,1000191,97.58
2020-06-10,U00149,1000192,34.64
2020-11-15,U00015,1000039,63.74
2020-03-20,U00180,1000144,45.56
2020-01-25,U00498,1000072,57.31
2020-08-08,U00192,1000137,17.38
2020-10-28,U00063,1000024,42.2
2020-04-04,U00292,1000074,21.79
2020-03-25,U00398,1000188,97.02
2020-09-14,U00180,1000192,25.47
2020-10-09,U00163,1000197,39.14
2020-02-22,U00452,1000175,95.26
2020-11-11,U00257,1000137,55.06
2020-04-28,U00206,1000126,76.14
2020-05-27,U00473,1000115,19.75
2020-03-13,U00147,1000000,55.07
2020-06-25,U00237,1000167,21.19
2020-02-13,U00297,1000167,44.3
2020-07-14,U00096,1000162,7.73
2020-04-05,U00312,1000158,52.32
2020-02-20,U00292,1000187,43.42
2020-01-11,U00312,1000063,20.65
2020-11-16,U00350,1000023,94.47
2020-01-24,U00307,1000167,41.6
2020-09-28,U00098,1000041,48.03
2020-12-28,U00122,1000044,49.38
2020-12-07,U00165,1000033,32.54
2020-01-07,U00295,1000118,48.16
2020-11-20,U00227,1000061,79.89
2020-08-17,U00328,1000028,80.55
2020-06-28,U00471,1000040,28.02
2020-12-03,U00003,1000191,8.04
2020-11-14,U00443,1000133,98.58
2020-07-03,U00400,1000106,95.01
2020-12-18,U00061,1000183,78.0
2020-11-18,U00365,1000006,46.22
2020-12-02,U00149,1000101,82.86
2020-12-25,U00020,1000093,42.55
2020-09-21,U00332,1000112,45.29
2020-02-04,U00074,1000067,76.25
2020-10-25,U00405,1000028,72.87
2020-06-14,U00336,1000086,18.34
2020-04-26,U00247,1000053,29.86
2020-06-21,U00355,1000018,48.07
2020-12-16,U00385,1000062,76.16
2020-06-10,U00352,1000113,36.08
2020-08-23,U00132,1000145,30.88
2020-01-25,U00071,1000037,54.05
2020-01-08,U00450,1000094,57.97
2020-12-10,U00157,1000183,19.88
2020-11-10,U00243,1000182,46.35
2020-05-05,U00380,1000177,17.08
2020-10-10,U00439,1000098,29.19
2020-04-01,U00435,1000054,59.82
2020-03-19,U00006,1000066,39.23
2020-09-24,U00445,1000132,43.15
2020-10-06,U00497,1000088,65.52
2020-10-28,U00256,1000080,54.19
2020-07-28,U00474,1000124,65.95
2020-09-16,U00089,1000123,89.33
2020-01-22,U00484,1000016,37.18
2020-05-07,U00114,1000038,31.16
2020-12-26,U00061,1000166,23.51
2020-08-15,U00291,1000163,90.19
2020-12-28,U00419,1000134,89.42
2020-12-07,U00186,1000170,8.09
2020-11-04,U00487,1000084,52.7
2020-05-18,U00492,1000136,84.58
2020-09-28,U00040,1000014,46.98
2020-09-08,U00125,1000065,79.94
2020-03-23,U00479,1000166,85.61
2020-04-23,U00367,1000116,21.68
2020-10-09,U00282,1000071,13.59
2020-04-24,U00425,1000016,90.18
2020-03-17,U00155,1000015,24.53
2020-04-19,U00389,1000148,49.86
2020-02-18,U00451,1000013,34.97
2020-11-03,U00100,1000122,15.94
2020-02-16,U00101,1000025,55.98
2020-04-20,U00249,1000076,58.52
2020-10-14,U00440,1000028,72.68
2020-08-25,U00329,1000049,60.36
2020-11-20,U00386,1000116,98.27
2020-05-25,U00208,1000153,30.45
2020-11-06,U00168,1000129,50.43
2020-05-21,U00153,1000067,86.52
2020-04-11,U00140,1000173,57.76
2020-05-21,U00225,1000028,96.86
2020-03-16,U00003,1000081,88.98
2020-09-16,U00253,1000041,21.81
2020-07-22,U00155,1000024,91.98
2020-08-11,U00326,1000175,55.63
2020-03-07,U00398,1000027,76.71
2020-04-10,U00256,1000078,35.08
2020-09-16,U00052,1000175,33.21
2020-10-07,U00292,1000172,19.53
2020-03-07,U00392,1000101,78.87
2020-03-20,U00339,1000040,35.61
2020-09-16,U00334,1000152,79.14
2020-12-09,U00117,1000067,49.37
2020-05-12,U00074,1000078,36.37
2020-06-27,U00381,1000080,47.27
2020-07-19,U00201,1000195,44.21
2020-07-02,U00495,1000104,38.24
2020-03-15,U00392,1000070,6.83
2020-12-07,U00106,1000169,72.37
2020-05-27,U00191,1000006,35.25
2020-07-11,U00285,1000143,74.47
2020-04-20,U00257,1000112,85.5
2020-02-03,U00124,1000041,35.6
2020-08-24,U00303,1000120,94.49
2020-01-25,U00337,1000099,69.65
2020-12-16,U00127,1000071,97.77
2020-10-13,U00030,1000025,10.27
2020-06-09,U00275,1000094,46.18
2020-05-04,U00241,1000034,87.8
2020-02-11,U00396,1000187,43.9
2020-03-28,U00077,1000150,33.09
2020-04-18,U00045,1000112,28.05
2020-10-18,U00390,1000169,29.51
2020-09-27,U00149,1000176,7.05
2020-02-28,U00402,1000179,71.87
2020-06-28,U00184,1000197,46.91
2020-04-06,U00164,1000119,26.4
2020-06-11,U00101,1000173,96.32
2020-05-09,U00309,1000191,92.67
2020-03-04,U00328,1000105,45.17
2020-08-26,U00024,1000135,10.67
2020-09-12,U00008,1000144,46.1
2020-01-17,U00447,1000083,79.27
2020-08-10,U00294,1000085,64.63
2020-12-03,U00289,1000023,96.58
2020-02-18,U00081,1000131,84.55
2020-02-19,U00472,1000119,62.34
2020-04-25,U00037,1000196,69.29
2020-05-15,U00231,1000189,19.31
2020-06-03,U00093,1000165,59.07
2020-08-17,U00399,1000177,74.51
2020-07-01,U00205,1000147,32.62
2020-10-27,U00199,1000004,5.8
2020-06-14,U00077,1000066,85.42
2020-10-22,U00393,1000083,55.04
2020-11-22,U00102,1000197,82.22
2020-06-23,U00444,1000147,19.34
2020-03-07,U00157,1000046,14.48
2020-09-20,U00483,1000010,78.27
2020-09-12,U00488,1000017,35.78
2020-06-08,U00336,1000053,23.96
2020-03-14,U00138,1000059,93.01
2020-04-25,U00181,1000006,17.91
2020-08-04,U00427,1000096,7.39
2020-12-28,U00378,1000053,40.76
2020-08-15,U00204,1000050,24.33
2020-07-19,U00417,1000031,13.73
2020-03-17,U00467,1000148,73.1
2020-02-06,U00387,1000053,16.31
2020-08-24,U00309,1000091,75.47
2020-06-14,U00097,1000053,97.6
2020-09-12,U00244,1000065,52.82
2020-08-01,U00003,1000097,80.52
2020-07-28,U00051,1000090,38.88
2020-05-27,U00033,1000111,93.92
2020-11-10,U00117,1000179,12.94
2020-11-26,U00199,1000120,6.49
2020-05-24,U00331,1000082,9.26
2020-04-06,U00289,1000002,17.03
2020-03-05,U00355,1000120,76.66
2020-01-20,U00410,1000053,86.44
2020-11-10,U00190,1000158,44.0
2020-03-14,U00088,1000044,93.01
2020-03-24,U00414,1000171,22.07
2020-02-26,U00083,1000007,51.77
2020-05-13,U00320,1000095,90.44
2020-05-20,U00164,1000007,78.63
2020-06-01,U00455,1000120,8.22
2020-03-14,U00023,1000138,40.44
2020-10-24,U00268,1000043,19.87
2020-01-12,U00459,1000057,13.66
2020-02-04,U00495,1000121,48.66
2020-07-28,U00459,1000137,46.4
2020-10-26,U00326,1000000,34.27
2020-08-09,U00065,1000082,66.7
2020-06-20,U00342,1000183,14.06
2020-08-24,U00425,1000146,23.45
2020-04-17,U00066,1000036,26.2
2020-02-24,U00048,1000183,42.96
2020-10-04,U00127,1000057,28.56
2020-12-22,U00154,1000084,71.78
2020-08-22,U00302,1000133,53.59
2020-05-25,U00460,1000033,35.83
2020-06-22,U00074,1000148,74.22
2020-01-24,U00463,1000098,64.4
2020-04-06,U00007,1000036,64.66
2020-04-06,U00203,1000082,6.1
2020-08-16,U00439,1000088,22.65
2020-10-13,U00231,1000054,47.6
2020-05-18,U00225,1000030,75.03
2020-11-25,U00263,1000086,36.7
2020-03-09,U00174,1000124,77.57
2020-08-22,U00049,1000171,85.48
2020-09-09,U00032,1000093,45.09
2020-01-18,U00064,1000024,26.35
2020-08-27,U00056,1000030,56.74
2020-05-05,U00447,1000088,33.86
2020-07-18,U00481,1000021,95.83
2020-09-06,U00203,1000130,23.32
2020-11-08,U00397,1000004,23.68
2020-12-12,U00269,1000153,78.31
2020-10-28,U00271,1000134,9.42
2020-09-12,U00276,1000058,70.21
2020-09-06,U00191,1000040,14.41
2020-03-21,U00324,1000158,26.27
2020-12-05,U00276,1000156,44.86
2020-04-09,U00025,1000102,32.87
2020-09-14,U00457,1000121,48.99
2020-03-24,U00480,1000076,5.03
2020-05-23,U00284,1000171,34.29
2020-12-20,U00304,1000017,10.57
2020-07-05,U00073,1000123,82.31
2020-04-13,U00402,1000040,65.73
2020-07-19,U00099,1000063,83.43
2020-02-08,U00493,1000070,18.2
2020-07-04,U00371,1000189,60.08
2020-11-05,U00105,1000113,18.39
2020-05-25,U00167,1000002,64.86
2020-09-10,U00268,1000026,77.54
2020-10-16,U00118,1000169,46.2
2020-02-18,U00380,1000156,47.71
2020-02-25,U00466,1000184,37.09
2020-05-02,U00195,1000065,15.61
2020-08-14,U00299,1000043,87.37
2020-12-28,U00406,1000124,76.3
2020-04-17,U00052,1000022,98.77
2020-10-20,U00442,1000092,27.68
2020-11-16,U00428,1000179,95.54
2020-07-02,U00326,1000026,86.33
2020-05-27,U00370,1000187,30.93
2020-05-21,U00260,1000084,44.45
2020-05-12,U00042,1000003,14.51
2020-08-08,U00299,1000126,25.81
2020-07-22,U00136,1000026,98.75
2020-12-16,U00287,1000155,83.72
2020-07-20,U00265,1000170,40.96
2020-10-04,U00302,1000164,94.68
2020-10-04,U00060,1000195,27.43
2020-10-22,U00363,1000154,44.65
2020-07-23,U00381,1000010,37.65
2020-08-28,U00235,1000146,86.16
2020-01-13,U00416,1000160,74.97
2020-07-22,U00464,1000006,25.31
2020-03-01,U00322,1000084,14.29
2020-07-26,U00014,1000186,47.92
2020-05-12,U00419,1000174,37.34
2020-04-09,U00228,1000012,35.5
2020-12-21,U00134,1000196,79.6
2020-04-18,U00394,1000140,65.94
2020-12-13,U00385,1000089,78.41
2020-03-28,U00255,1000022,36.37
2020-10-18,U00378,1000058,34.75
2020-05-04,U00468,1000184,13.5
2020-07-11,U00318,1000127,65.11
2020-07-07,U00135,1000181,50.63
2020-06-26,U00224,1000092,75.95
2020-03-11,U00008,1000028,22.84
2020-05-17,U00358,1000164,57.69
2020-09-18,U00091,1000101,63.14
2020-02-07,U00047,1000023,71.9
2020-11-13,U00436,1000067,18.7
2020-06-18,U00181,1000101,17.51
2020-07-04,U00432,1000188,81.57
2020-05-20,U00291,1000021,35.44
2020-04-15,U00422,1000010,28.11
2020-03-22,U00140,1000006,51.48
2020-12-08,U00125,1000057,46.39
2020-04-05,U00006,1000075,27.91
2020-01-28,U00313,1000123,83.77
2020-07-18,U00282,1000145,23.07
2020-03-28,U00265,1000148,42.56
2020-10-13,U00382,1000066,71.43
2020-06-26,U00410,1000067,45.54
2020-06-08,U00163,1000138,38.56
2020-12-05,U00164,1000179,28.21
2020-09-19,U00065,1000024,97.22
2020-09-23,U00243,1000137,34.47
2020-10-08,U00368,1000089,72.45
2020-11-18,U00420,1000057,48.74
2020-10-27,U00027,1000117,63.17
2020-08-19,U00223,1000016,94.6
2020-03-01,U00286,1000114,57.55
2020-01-12,U00244,1000180,18.9
2020-11-12,U00033,1000184,30.95
2020-05-24,U00014,1000182,61.19
2020-07-23,U00391,1000034,97.7
2020-04-22,U00231,1000079,55.61
2020-11-10,U00169,1000059,58.57
2020-09-14,U00073,1000196,55.72
2020-11-19,U00161,1000001,96.26
2020-01-23,U00386,1000091,60.22
2020-02-20,U00032,1000135,43.89
2020-03-24,U00099,1000063,97.1
2020-03-27,U00092,1000007,66.04
2020-08-24,U00061,1000084,13.38
2020-07-19,U00358,1000175,41.42
2020-07-13,U00356,1000121,18.02
2020-06-06,U00049,1000079,38.38
2020-12-14,U00450,1000064,51.97
2020-03-09,U00205,1000051,26.3
2020-11-21,U00041,1000086,47.46
2020-02-17,U00131,1000005,87.65
2020-01-18,U00030,1000174,40.08
2020-03-01,U00493,1000135,6.18
2020-06-13,U00156,1000007,80.2
2020-10-19,U00191,1000017,94.84
2020-04-21,U00317,1000127,22.09
2020-04-12,U00049,1000174,90.79
2020-10-12,U00293,1000045,88.8
2020-12-28,U00450,1000197,21.68
2020-03-27,U00419,1000113,7.85
2020-01-18,U00454,1000030,80.88
2020-05-10,U00055,1000089,69.21
2020-10-17,U00085,1000025,51.78
2020-10-05,U00313,1000086,93.15
2020-11-18,U00425,1000099,78.7
2020-02-22,U00283,1000016,36.8
2020-06-05,U00122,1000125,22.7
2020-07-02,U00183,1000015,91.16
2020-08-26,U00431,1000168,71.52
2020-10-04,U00434,1000133,13.55
2020-11-11,U00466,1000134,57.92
2020-12-18,U00267,1000100,76.15
2020-11-07,U00144,1000082,17.73
2020-04-10,U00483,1000160,45.07
2020-07-13,U00042,1000125,7.24
2020-02-11,U00287,1000123,62.31
2020-05-16,U00402,1000197,32.0
2020-11-23,U00028,1000135,83.14
2020-04-03,U00157,1000150,75.3
2020-10-18,U00088,1000164,34.48
2020-01-18,U00014,1000012,95.88
2020-07-07,U00180,1000137,9.93
2020-11-28,U00222,1000189,52.79
2020-03-17,U00189,1000174,70.72
2020-04-04,U00234,1000047,88.88
2020-12-11,U00037,1000182,24.14
2020-04-19,U00327,1000156,6.47
2020-07-07,U00460,1000176,15.94
2020-05-01,U00463,1000061,67.0
2020-06-06,U00199,1000058,39.95
2020-07-02,U00079,1000036,61.28
2020-10-22,U00132,1000108,68.96
2020-12-28,U00461,1000160,34.12
2020-11-24,U00467,1000069,43.47
2020-01-14,U00421,1000105,40.45
2020-04-27,U00398,1000124,28.82
2020-01-21,U00354,1000101,8.93
2020-08-05,U00339,1000176,25.96
2020-11-04,U00059,1000040,89.81
2020-08-03,U00093,1000137,35.77
2020-12-09,U00489,1000174,72.21
2020-12-13,U00145,1000137,31.93
2020-10-09,U00055,1000194,16.22
2020-04-03,U00284,1000127,23.87
2020-09-02,U00240,1000122,15.28
2020-04-02,U00426,1000099,22.34
2020-12-26,U00034,1000061,45.98
2020-06-15,U00378,1000036,46.55
2020-01-22,U00478,1000128,77.08
2020-04-25,U00107,1000185,34.88
2020-10-01,U00485,1000039,37.09
2020-05-06,U00179,1000118,23.86
2020-11-02,U00200,1000097,19.39
2020-05-17,U00032,1000057,22.29
2020-04-11,U00336,1000184,46.25
2020-08-03,U00431,1000062,61.56
2020-05-18,U00082,1000036,56.43
2020-06-02,U00057,1000175,11.12
2020-09-18,U00008,1000158,72.73
2020-12-11,U00189,1000009,18.49
2020-02-22,U00119,1000001,40.83
2020-10-02,U00416,1000099,77.26
2020-02-28,U00114,1000195,64.06
2020-10-18,U00037,1000005,65.99
2020-08-19,U00330,1000098,31.55
2020-10-13,U00230,1000191,27.34
2020-08-20,U00128,1000088,97.13
2020-11-15,U00245,1000039,47.7
2020-06-08,U00073,1000073,64.89
2020-03-13,U00131,1000041,39.6
2020-01-14,U00412,1000076,18.53
2020-08-14,U00363,1000138,85.06
2020-07-05,U00430,1000160,38.18
2020-07-14,U00452,1000106,48.29
2020-08-15,U00487,1000099,48.57
2020-06-11,U00340,1000102,17.51
2020-09-07,U00125,1000055,71.98
2020-10-07,U00485,1000186,66.98
2020-10-12,U00460,1000118,56.53
2020-07-12,U00329,1000078,25.07
2020-03-16,U00055,1000138,66.31
2020-05-27,U00489,1000198,86.79
2020-07-02,U00102,1000055,36.74
2020-03-22,U00196,1000132,45.59
2020-08-01,U00355,1000052,41.28
2020-11-06,U00139,1000190,68.98
2020-03-21,U00205,1000147,78.49
2020-04-05,U00210,1000081,49.05
2020-12-05,U00390,1000124,34.72
2020-10-17,U00376,1000160,87.34
2020-11-04,U00402,1000016,13.06
2020-01-28,U00445,1000013,36.16
2020-02-11,U00476,1000091,24.08
2020-03-07,U00157,1000016,39.12
2020-06-19,U00463,1000114,49.66
2020-12-06,U00148,1000077,14.54
2020-09-06,U00461,1000038,20.35
2020-02-18,U00466,1000158,43.51
2020-09-18,U00321,1000120,70.79
2020-05-23,U00434,1000063,96.76
2020-11-05,U00465,1000113,14.12
2020-01-05,U00450,1000097,49.44
2020-08-06,U00392,1000005,60.1
2020-06-15,U00299,1000146,22.09
2020-01-16,U00484,1000171,58.28
2020-06-03,U00453,1000094,11.48
2020-03-20,U00153,1000173,42.0
2020-03-04,U00478,1000171,23.53
2020-11-11,U00149,1000182,79.52
2020-02-12,U00308,1000126,6.5
2020-10-14,U00086,1000093,85.02
2020-04-17,U00143,1000133,90.0
2020-01-16,U00163,1000042,9.89
2020-04-23,U00156,1000067,47.2
2020-07-11,U00020,1000069,75.5
2020-11-15,U00337,1000020,36.29
2020-01-05,U00446,1000159,6.0
2020-10-01,U00154,1000097,23.77
2020-08-13,U00198,1000009,70.36
2020-05-23,U00192,1000085,39.48
2020-09-28,U00401,1000108,43.28
2020-06-05,U00482,1000088,72.6
2020-09-07,U00250,1000072,30.07
2020-08-22,U00043,1000170,90.85
2020-09-04,U00011,1000032,80.79
2020-02-08,U00038,1000045,40.1
2020-03-19,U00410,1000060,78.21
2020-02-01,U00370,1000003,74.23
2020-06-28,U00465,1000158,11.62
2020-10-21,U00494,1000117,64.31
2020-06-26,U00340,1000027,62.58
2020-01-23,U00071,1000051,91.29
2020-02-06,U00046,1000183,94.43
2020-01-14,U00405,1000175,26.91
2020-01-23,U00040,1000099,35.12
2020-09-07,U00243,1000050,71.57
2020-08-20,U00361,1000047,49.11
2020-12-22,U00303,1000015,46.6
2020-09-01,U00040,1000045,96.57
2020-05-05,U00449,1000138,59.09
2020-04-23,U00063,1000179,76.6
2020-04-06,U00434,1000082,76.09
2020-04-06,U00202,1000162,83.59
2020-05-20,U00211,1000129,65.22
2020-04-14,U00128,1000088,74.13
2020-09-01,U00335,1000174,28.66
2020-03-03,U00031,1000016,51.43
2020-12-02,U00317,1000193,81.86
2020-02-22,U00391,1000183,46.92
2020-12-22,U00045,1000081,60.29
2020-06-23,U00348,1000155,68.75
2020-02-19,U00134,1000186,83.93
2020-08-12,U00380,1000122,39.82
2020-05-25,U00250,1000080,56.32
2020-12-07,U00116,1000150,21.03
2020-12-12,U00209,1000119,87.72
2020-06-26,U00433,1000103,48.58
2020-08-15,U00078,1000036,74.36
2020-07-14,U00486,1000006,87.1
2020-06-13,U00445,1000161,19.04
2020-06-01,U00222,1000169,90.1
2020-03-19,U00484,1000047,25.4
2020-01-13,U00241,1000038,30.46
2020-04-01,U00254,1000100,19.88
2020-09-09,U00116,1000048,50.73
2020-12-16,U00221,1000111,94.05
2020-03-16,U00496,1000170,10.62
2020-02-03,U00487,1000082,71.37
2020-10-10,U00072,1000060,53.76
2020-08-26,U00110,1000106,51.11
2020-05-21,U00081,1000086,64.26
2020-11-20,U00219,1000156,16.45
2020-03-17,U00144,1000087,73.13
2020-12-28,U00065,1000094,58.14
2020-08-03,U00009,1000114,39.78
2020-04-07,U00483,1000083,69.7
2020-06-21,U00468,1000121,78.96
2020-09-11,U00295,1000084,70.64
2020-03-11,U00400,1000161,58.79
2020-04-23,U00303,1000156,27.28
2020-04-16,U00288,1000120,88.71
2020-06-17,U00450,1000024,41.11
2020-03-20,U00164,1000020,54.75
2020-08-20,U00461,1000186,30.0
2020-08-13,U00398,1000049,79.38
2020-05-23,U00073,1000093,84.69
2020-01-16,U00126,1000057,64.51
2020-06-12,U00422,1000158,50.36
2020-03-26,U00139,1000081,50.56
2020-06-20,U00452,1000137,23.81
2020-11-07,U00490,1000152,61.88
2020-05-24,U00031,1000188,88.17
2020-09-26,U00258,1000072,28.33
2020-07-14,U00358,1000002,33.03
2020-04-05,U00151,1000006,7.71
2020-11-25,U00215,1000020,39.65
2020-03-15,U00320,1000097,57.19
2020-10-15,U00388,1000080,15.13
2020-05-15,U00141,1000050,71.39
2020-08-10,U00083,1000150,17.08
2020-01-04,U00026,1000083,56.94
2020-06-05,U00161,1000184,40.25
2020-01-21,U00222,1000165,35.45
2020-03-11,U00313,1000194,8.25
2020-05-11,U00289,1000193,58.44
2020-09-02,U00370,1000183,72.08
2020-08-03,U00474,1000017,18.15
2020-02-17,U00083,1000182,27.09
2020-06-12,U00173,1000020,43.79
2020-02-16,U00205,1000139,10.84
2020-07-21,U00404,1000101,70.29
2020-09-27,U00045,1000053,47.16
2020-02-25,U00466,1000066,26.38
2020-01-21,U00349,1000142,7.28
2020-11-27,U00357,1000057,50.0
2020-01-08,U00388,1000059,94.3
2020-03-17,U00163,1000082,41.43
2020-11-22,U00202,1000004,52.96
2020-05-16,U00012,1000171,72.19
2020-07-18,U00034,1000010,23.81
2020-01-07,U00117,1000149,51.2
2020-06-23,U00041,1000148,87.87
2020-09-27,U00084,1000101,25.0
2020-09-01,U00468,1000160,74.96
2020-05-09,U00284,1000095,53.02
2020-03-27,U00103,1000193,62.12
2020-06-07,U00167,1000066,41.91
2020-11-10,U00231,1000007,46.88
2020-11-22,U00262,1000197,43.13
2020-03-04,U00021,1000099,80.64
2020-12-28,U00105,1000051,76.42
2020-12-24,U00152,1000176,68.38
2020-10-27,U00155,1000092,48.6
2020-11-21,U00117,1000145,88.68
2020-05-07,U00261,1000006,34.13
2020-04-27,U00092,1000085,24.4
2020-12-13,U00368,1000083,48.04
2020-07-20,U00385,1000042,91.56
2020-08-18,U00305,1000073,79.73
2020-11-28,U00480,1000063,12.3
2020-02-01,U00436,1000007,63.21
2020-01-09,U00476,1000000,33.52
2020-07-24,U00290,1000040,14.14
2020-06-07,U00330,1000048,96.27
2020-12-12,U00038,1000071,44.24
2020-01-10,U00394,1000008,89.46
2020-05-05,U00134,1000116,92.43
2020-04-04,U00470,1000162,74.96
2020-11-26,U00015,1000121,21.41
2020-02-03,U00371,1000060,47.79
2020-10-23,U00285,1000069,30.39
2020-12-19,U00245,1000016,73.75
2020-03-07,U00033,1000101,68.73
2020-01-02,U00254,1000110,83.06
2020-07-06,U00498,1000003,59.22
2020-01-22,U00032,1000197,87.38
2020-12-10,U00368,1000122,24.05
2020-05-01,U00343,1000069,95.54
2020-04-08,U00353,1000114,81.17
2020-11-02,U00447,1000144,83.53
2020-07-18,U00487,1000179,50.92
2020-04-23,U00434,1000190,9.45
2020-06-03,U00306,1000094,47.89
2020-08-18,U00083,1000095,66.91
2020-06-24,U00282,1000138,18.7
2020-12-21,U00177,1000104,21.35
2020-07-12,U00239,1000088,77.13
2020-03-27,U00344,1000192,88.61
2020-11-18,U00208,1000092,95.37
2020-02-20,U00129,1000035,36.28
2020-06-21,U00238,1000115,75.85
2020-11-06,U00455,1000010,37.28
2020-11-05,U00306,1000087,55.78
2020-12-06,U00435,1000146,18.12
2020-04-27,U00354,1000101,12.68
2020-07-04,U00256,1000139,8.95
2020-02-19,U00002,1000065,92.84
2020-11-06,U00378,1000058,69.3
2020-06-16,U00059,1000083,73.79
2020-06-18,U00479,1000101,54.17
2020-07-08,U00295,1000089,75.48
2020-12-25,U00054,1000057,65.2
2020-08-05,U00427,1000177,89.15
2020-04-23,U00000,1000129,80.19
2020-08-05,U00468,1000018,70.32
2020-05-08,U00386,1000103,33.47
2020-04-18,U00326,1000024,94.45
2020-04-01,U00008,1000007,32.8
2020-04-06,U00423,1000198,68.97
2020-02-09,U00231,1000030,44.66
2020-06-22,U00206,1000002,70.59
2020-05-11,U00198,1000095,24.59
2020-07-20,U00301,1000122,64.71
2020-10-02,U00347,1000125,96.84
2020-08-11,U00179,1000007,29.04
2020-08-28,U00408,1000098,75.77
2020-02-14,U00352,1000150,63.3
2020-06-22,U00251,1000006,40.72
2020-08-25,U00463,1000022,49.64
2020-09-03,U00042,1000062,73.08
2020-12-21,U00472,1000024,47.74
2020-12-11,U00123,1000154,97.5
2020-01-11,U00158,1000141,78.05
2020-08-07,U00314,1000105,13.93
2020-11-05,U00303,1000172,78.4
2020-09-15,U00035,1000128,22.04
2020-05-23,U00289,1000099,80.32
2020-09-21,U00370,1000012,28.8
2020-02-23,U00264,1000125,21.35
2020-08-10,U00437,1000041,8.74
2020-10-11,U00218,1000028,69.56
2020-02-07,U00246,1000124,28.41
2020-07-25,U00381,1000167,90.11
2020-07-02,U00154,1000046,26.0
2020-11-19,U00432,1000126,26.5
2020-08-26,U00358,1000029,14.54
2020-03-05,U00379,1000154,57.9
2020-08-16,U00187,1000178,45.42
2020-12-17,U00459,1000177,39.62
2020-09-04,U00214,1000121,8.15
2020-07-18,U00359,1000108,11.29
2020-02-09,U00449,1000170,38.62
2020-07-17,U00470,1000062,90.22
2020-03-04,U00012,1000041,13.12
2020-03-22,U00100,1000114,67.03
2020-09-12,U00285,1000067,49.92
2020-11-06,U00298,1000105,15.89
2020-01-08,U00103,1000037,33.23
2020-12-23,U00200,1000002,39.95
2020-09-26,U00006,1000028,54.31
2020-05-19,U00271,1000002,33.51
2020-03-11,U00471,1000062,85.9
2020-04-07,U00339,1000121,49.96
2020-04-04,U00088,1000099,56.99
2020-11-18,U00439,1000018,18.73
2020-03-28,U00261,1000037,85.95
2020-02-16,U00262,1000018,58.22
2020-04-21,U00385,1000105,83.94
2020-06-08,U00423,1000067,43.2
2020-07-02,U00445,1000082,78.38
2020-01-07,U00343,1000185,92.49
2020-07-15,U00310,1000057,75.37
2020-03-16,U00314,1000130,88.54
2020-11-28,U00386,1000162,19.78
2020-10-17,U00147,1000127,77.67
2020-07-20,U00015,1000106,11.24
2020-02-23,U00456,1000198,18.68
2020-11-02,U00189,1000071,41.97
2020-08-21,U00413,1000087,33.53
2020-09-20,U00167,1000078,85.41
2020-08-17,U00249,1000098,76.2
2020-12-19,U00355,1000143,91.8
2020-10-20,U00338,1000146,17.9
2020-06-03,U00354,1000125,96.67
2020-09-17,U00315,1000161,10.92
2020-11-09,U00478,1000069,87.23
2020-10-17,U00116,1000080,92.12
2020-06-08,U00289,1000048,37.76
2020-05-07,U00422,1000085,53.66
2020-07-09,U00135,1000153,44.84
2020-11-07,U00393,1000156,88.71
2020-03-26,U00394,1000176,32.73
2020-11-22,U00185,1000182,56.02
2020-06-07,U00408,1000118,59.68
2020-03-04,U00370,1000185,87.36
2020-11-08,U00105,1000153,79.25
2020-06-06,U00454,1000165,81.1
2020-06-08,U00200,1000123,72.4
2020-10-15,U00275,1000087,18.76
2020-10-03,U00129,1000031,95.85
2020-09-13,U00001,1000017,22.76
2020-05-16,U00232,1000140,59.86
2020-05-17,U00290,1000107,23.72
2020-01-14,U00321,1000125,60.96
2020-08-14,U00198,1000080,16.23
2020-03-04,U00185,1000194,80.32
2020-01-02,U00433,1000017,31.07
2020-09-18,U00137,1000032,78.68
2020-12-22,U00216,1000052,8.75
2020-11-19,U00030,1000002,15.47
2020-10-24,U00141,1000072,45.4
2020-04-08,U00316,1000154,58.64
2020-05-18,U00181,1000060,19.26
2020-09-19,U00162,1000195,25.67
2020-07-07,U00277,1000157,6.64
2020-03-03,U00292,1000189,62.73
2020-05-26,U00248,1000031,13.99
2020-07-08,U00123,1000117,62.3
2020-03-08,U00143,1000027,5.3
2020-11-10,U00222,1000148,85.92
2020-07-15,U00109,1000059,14.43
2020-02-14,U00364,1000113,46.6
2020-12-13,U00435,1000157,75.57
2020-01-18,U00391,1000069,24.28
2020-11-16,U00223,1000134,37.18
2020-01-16,U00259,1000157,41.46
2020-08-20,U00105,1000095,18.58
2020-02-20,U00428,1000178,69.23
2020-03-26,U00206,1000053,25.49
2020-06-13,U00140,1000063,72.2
2020-04-13,U00307,1000120,95.3
2020-11-19,U00124,1000165,70.57
2020-08-23,U00409,1000005,41.55
2020-06-12,U00195,1000005,51.15
2020-12-15,U00465,1000108,13.41
2020-05-12,U00117,1000068,39.46
2020-05-16,U00080,1000043,25.6
2020-10-21,U00264,1000153,54.91
2020-04-28,U00018,1000097,39.27
2020-04-03,U00362,1000040,13.68
2020-12-18,U00025,1000064,12.45
2020-05-15,U00076,1000075,18.31
2020-07-09,U00445,1000047,26.53
2020-05-06,U00266,1000017,26.79
2020-02-20,U00026,1000146,66.53
2020-12-06,U00147,1000140,49.2
2020-07-06,U00120,1000004,80.93
2020-04-20,U00364,1000019,11.33
2020-02-09,U00418,1000045,55.19
2020-08-18,U00389,1000094,72.98
2020-03-18,U00477,1000047,28.09
2020-01-11,U00437,1000043,77.04
2020-09-27,U00010,1000128,52.42
2020-01-13,U00069,1000042,9.54
2020-03-28,U00067,1000061,86.0
2020-06-19,U00400,1000071,48.47
2020-08-06,U00363,1000028,72.06
2020-03-21,U00310,1000193,8.97
2020-07-05,U00000,1000073,48.31
2020-08-22,U00386,1000101,56.73
2020-12-13,U00455,1000134,48.86
2020-11-17,U00181,1000155,59.28
2020-12-13,U00384,1000064,54.21
2020-07-06,U00257,1000127,16.87
2020-01-07,U00037,1000153,98.5
2020-05-04,U00309,1000105,40.96
2020-05-12,U00012,1000080,50.8
2020-01-07,U00222,1000198,65.01
2020-03-15,U00442,1000151,79.31
2020-12-05,U00332,1000077,42.26
2020-03-01,U00461,1000058,89.94
2020-05-16,U00204,1000119,72.01
2020-06-07,U00237,1000033,44.09
2020-01-08,U00485,1000037,89.32
2020-02-10,U00191,1000013,37.95
2020-07-21,U00446,1000110,12.34
2020-05-12,U00420,1000131,56.85
2020-01-28,U00433,1000122,11.37
2020-06-07,U00158,1000129,20.6
2020-02-05,U00381,1000182,57.79
2020-01-01,U00260,1000055,64.28
2020-06-01,U00229,1000103,36.4
2020-10-15,U00177,1000159,35.7
2020-06-02,U00410,1000132,60.05
2020-08-25,U00249,1000110,76.78
2020-01-22,U00399,1000140,73.49
2020-10-17,U00034,1000039,92.7
2020-07-11,U00338,1000182,46.35
2020-12-21,U00136,1000036,18.37
2020-04-03,U00315,1000098,30.92
2020-04-02,U00022,1000077,6.14
2020-03-07,U00214,1000145,23.2
2020-03-14,U00280,1000145,28.98
2020-04-01,U00033,1000041,85.73
2020-05-24,U00247,1000016,25.59
2020-03-22,U00252,1000029,12.52
2020-08-26,U00460,1000087,62.98
2020-06-28,U00240,1000066,59.24
2020-09-27,U00379,1000084,64.36
2020-06-17,U00079,1000170,69.1
2020-12-19,U00266,1000174,31.22
2020-10-25,U00459,1000062,26.26
2020-01-14,U00247,1000069,35.85
2020-09-10,U00255,1000185,98.18
2020-01-19,U00153,1000065,15.01
2020-03-18,U00114,1000056,87.79
2020-04-15,U00463,1000039,92.05
2020-12-18,U00258,1000092,43.79
2020-07-14,U00290,1000084,33.11
2020-04-06,U00319,1000123,94.16
2020-11-03,U00396,1000080,92.06
2020-01-14,U00207,1000110,19.48
2020-08-01,U00170,1000094,16.11
2020-04-16,U00450,1000125,92.22
2020-07-19,U00109,1000103,45.43
2020-04-10,U00124,1000156,80.63
2020-06-06,U00306,1000083,60.78
2020-02-04,U00042,1000021,79.84
2020-01-05,U00276,1000109,51.31
2020-02-26,U00413,1000178,65.91
2020-01-01,U00241,1000045,8.07
2020-05-27,U00187,1000173,69.45
2020-12-12,U00341,1000146,13.23
2020-03-10,U00169,1000025,8.66
2020-10-03,U00020,1000157,5.02
2020-04-26,U00087,1000100,82.47
2020-08-04,U00136,1000151,32.39
2020-09-03,U00425,1000156,31.74
2020-02-15,U00310,1000066,19.8
2020-12-17,U00049,1000127,62.01
2020-12-10,U00016,1000100,85.1
2020-11-06,U00355,1000121,81.17
2020-06-17,U00156,1000075,66.43
2020-07-14,U00413,1000060,79.66
2020-05-22,U00167,1000053,27.62
2020-03-23,U00079,1000009,12.47
2020-10-04,U00075,1000027,98.83
2020-03-05,U00370,1000018,31.55
2020-06-23,U00163,1000148,27.49
2020-08-14,U00209,1000031,92.41
2020-11-22,U00282,1000186,60.24
2020-12-07,U00458,1000121,66.68
2020-06-06,U00200,1000049,37.44
2020-01-02,U00430,1000064,41.62
2020-08-15,U00337,1000101,78.67
2020-06-15,U00068,1000083,75.06
2020-12-14,U00337,1000080,95.06
2020-10-28,U00358,1000047,5.7
2020-03-09,U00212,1000023,50.77
2020-06-05,U00021,1000035,27.56
2020-10-16,U00490,1000071,90.29
2020-12-06,U00213,1000009,77.46
2020-11-12,U00364,1000087,80.22
2020-06-11,U00001,1000026,50.38
2020-09-07,U00108,1000037,36.26
2020-11-28,U00377,1000190,52.47
2020-09-13,U00455,1000135,98.4
2020-10-20,U00100,1000111,77.35
2020-12-26,U00020,1000116,95.63
2020-10-18,U00148,1000137,98.7
2020-08-02,U00145,1000085,6.68
2020-10-21,U00494,1000016,49.6
2020-07-15,U00468,1000155,58.76
2020-06-27,U00302,1000057,47.23
2020-05-21,U00436,1000009,81.77
2020-11-19,U00130,1000101,29.94
2020-09-08,U00020,1000056,94.49
2020-08-08,U00203,1000000,45.42
2020-02-26,U00411,1000070,55.31
2020-09-14,U00008,1000128,86.64
2020-12-26,U00392,1000163,79.07
2020-10-22,U00026,1000127,97.95
2020-04-18,U00338,1000141,32.03
2020-02-28,U00120,1000099,57.71
2020-06-06,U00279,1000167,23.82
2020-11-14,U00040,1000084,65.8
2020-08-01,U00050,1000033,92.52
2020-12-09,U00086,1000168,32.48
2020-05-14,U00082,1000109,24.18
2020-03-12,U00049,1000195,92.58
2020-05-18,U00354,1000140,65.07
2020-02-05,U00447,1000031,85.18
2020-01-08,U00033,1000199,77.41
2020-05-06,U00058,1000195,47.42
2020-02-17,U00392,1000199,55.25
2020-09-04,U00246,1000171,62.75
2020-02-12,U00403,1000023,38.2
2020-07-26,U00096,1000139,93.82
2020-12-01,U00466,1000158,80.61
2020-02-03,U00083,1000037,37.16
2020-09-27,U00353,1000136,23.25
2020-11-12,U00015,1000087,85.23
2020-07-04,U00413,1000131,77.93
2020-07-07,U00085,1000048,63.38
2020-08-25,U00300,1000191,70.55
2020-12-08,U00427,1000168,92.78
2020-08-18,U00394,1000117,41.4
2020-11-12,U00101,1000010,8.42
2020-04-01,U00292,1000090,6.61
2020-11-12,U00332,1000086,44.06
2020-01-11,U00441,1000118,13.01
2020-02-20,U00266,1000143,77.02
2020-10-05,U00242,1000126,57.04
2020-09-24,U00389,1000087,16.26
2020-01-26,U00427,1000163,34.8
2020-05-18,U00420,1000108,32.58
2020-02-02,U00480,1000076,67.49
2020-03-23,U00132,1000097,98.93
2020-05-11,U00435,1000105,97.24
2020-09-12,U00038,1000127,33.99
2020-05-14,U00011,1000006,97.24
2020-06-06,U00364,1000023,86.73
2020-09-20,U00306,1000025,39.08
2020-02-09,U00393,1000085,34.92
2020-02-06,U00295,1000054,59.73
2020-02-08,U00025,1000070,34.28
2020-09-25,U00277,1000020,81.29
2020-09-19,U00445,1000176,56.33
2020-09-22,U00152,1000025,89.16
2020-01-10,U00470,1000107,13.74
2020-06-09,U00379,1000013,17.87
2020-02-19,U00002,1000027,88.79
2020-01-16,U00414,1000092,43.16
2020-02-09,U00081,1000151,93.33
2020-04-03,U00171,1000043,22.4
2020-10-23,U00443,1000026,64.3
2020-01-16,U00111,1000186,71.57
2020-03-24,U00490,1000174,52.91
2020-07-01,U00348,1000133,87.26
2020-10-26,U00373,1000198,84.13
2020-08-18,U00121,1000015,45.39
2020-10-22,U00198,1000049,82.55
2020-05-12,U00069,1000103,96.53
2020-07-19,U00147,1000068,28.41
2020-02-23,U00215,1000065,65.94
2020-08-01,U00058,1000103,60.53
2020-12-09,U00353,1000032,59.2
2020-11-19,U00061,1000171,28.39
2020-12-02,U00118,1000063,75.02
2020-12-03,U00350,1000101,17.5
2020-04-09,U00491,1000028,59.01
2020-11-07,U00367,1000028,83.02
2020-01-14,U00054,1000087,24.4
2020-03-05,U00370,1000165,78.85
2020-06-11,U00210,1000096,66.99
2020-11-09,U00227,1000169,23.95
2020-11-05,U00105,1000099,38.2
2020-11-28,U00484,1000169,27.82
2020-08-09,U00223,1000012,28.7
2020-07-15,U00081,1000015,78.45
2020-01-24,U00234,1000134,32.17
2020-07-04,U00451,1000073,18.23
2020-05-06,U00218,1000196,6.29
2020-09-03,U00300,1000116,37.7
2020-11-08,U00230,1000051,69.71
2020-05-27,U00244,1000099,30.35
2020-08-08,U00224,1000034,6.61
2020-04-21,U00248,1000098,25.57
2020-09-17,U00328,1000037,15.32
2020-12-12,U00267,1000065,69.85
2020-05-28,U00337,1000132,80.15
2020-12-13,U00010,1000016,58.31
2020-02-08,U00460,1000072,28.7
2020-04-25,U00490,1000171,92.55
2020-10-19,U00409,1000135,91.65
2020-11-16,U00270,1000000,19.02
2020-01-11,U00393,1000176,77.35
2020-07-19,U00174,1000000,50.22
2020-03-04,U00375,1000078,72.76
2020-07-09,U00356,1000069,60.1
2020-11-13,U00342,1000154,58.13
2020-06-04,U00194,1000120,63.71
2020-04-11,U00023,1000086,38.55
2020-04-18,U00170,1000126,26.39
2020-09-01,U00353,1000019,14.7
2020-03-08,U00210,1000011,24.27
2020-07-18,U00378,1000018,14.65
2020-09-15,U00367,1000034,25.75
2020-04-07,U00189,1000024,8.44
2020-01-19,U00209,1000030,98.18
2020-11-19,U00455,1000115,88.95
2020-02-11,U00472,1000060,62.51
2020-02-26,U00128,1000153,55.47
2020-11-25,U00123,1000011,49.75
2020-05-18,U00085,1000168,76.19
2020-12-01,U00474,1000125,81.8
2020-04-26,U00210,1000084,14.41
2020-09-19,U00117,1000147,31.1
2020-07-23,U00178,1000091,75.81
2020-09-23,U00084,1000006,74.46
2020-11-19,U00010,1000170,30.87
2020-03-27,U00080,1000059,74.32
2020-12-06,U00100,1000053,23.58
2020-05-15,U00031,1000169,47.25
2020-10-05,U00016,1000030,73.22
2020-12-07,U00187,1000160,76.12
2020-05-27,U00351,1000110,19.47
2020-02-27,U00461,1000040,49.53
2020-01-06,U00191,1000008,55.1
2020-11-27,U00457,1000107,15.2
2020-03-07,U00037,1000039,44.01
2020-07-08,U00358,1000042,30.02
2020-09-23,U00284,1000173,54.9
2020-10-19,U00168,1000115,19.8
2020-10-18,U00338,1000145,25.27
2020-08-14,U00088,1000156,83.65
2020-08-09,U00161,1000066,61.99
2020-12-26,U00395,1000005,23.45
2020-05-13,U00395,1000137,48.7
2020-02-28,U00297,1000029,79.88
2020-03-02,U00117,1000188,70.83
2020-02-18,U00245,1000101,90.48
2020-10-23,U00377,1000034,9.97
2020-03-18,U00448,1000059,80.1
2020-04-02,U00260,1000155,56.11
2020-02-08,U00275,1000141,12.86
2020-09-18,U00047,1000066,29.55
2020-09-05,U00423,1000045,9.14
2020-08-28,U00429,1000052,18.13
2020-04-23,U00325,1000022,53.69
2020-10-15,U00036,1000108,72.77
2020-09-03,U00377,1000194,35.25
2020-03-22,U00141,1000086,7.82
2020-01-25,U00013,1000198,67.5
2020-01-28,U00414,1000185,7.85
2020-06-06,U00387,1000190,80.95
2020-10-03,U00042,1000176,22.9
2020-02-15,U00401,1000137,65.87
2020-01-26,U00322,1000191,96.05
2020-01-24,U00076,1000090,34.41
2020-11-04,U00406,1000129,65.69
2020-05-09,U00081,1000021,56.3
2020-03-20,U00342,1000147,55.76
2020-05-16,U00267,1000196,12.2
2020-03-27,U00390,1000073,52.13
2020-01-11,U00194,1000120,8.8
2020-07-15,U00013,1000011,61.33
2020-01-22,U00133,1000062,40.52
2020-11-11,U00045,1000092,73.05
2020-05-17,U00076,1000103,40.51
2020-02-08,U00211,1000038,79.98
2020-09-08,U00164,1000094,67.16
2020-06-10,U00420,1000043,78.8
2020-07-24,U00021,1000141,72.14
2020-11-16,U00027,1000104,24.54
2020-07-20,U00438,1000157,57.48
2020-10-12,U00402,1000004,77.6
2020-11-28,U00473,1000134,22.37
2020-02-02,U00137,1000012,92.25
2020-07-09,U00427,1000135,16.68
2020-09-17,U00378,1000001,29.59
2020-12-09,U00492,1000164,21.68
2020-08-16,U00450,1000063,53.47
2020-07-23,U00391,1000048,54.66
2020-02-13,U00137,1000062,19.56
2020-02-05,U00356,1000102,63.19
2020-05-24,U00087,1000133,58.71
2020-11-22,U00374,1000078,43.32
2020-03-01,U00124,1000107,76.11
2020-03-12,U00369,1000185,84.43
2020-07-07,U00053,1000079,95.31
2020-05-03,U00236,1000010,82.27
2020-05-21,U00199,1000040,38.34
2020-06-25,U00148,1000010,22.54
2020-04-24,U00345,1000094,36.95
2020-11-06,U00150,1000049,95.17
2020-12-01,U00342,1000021,49.16
2020-05-14,U00405,1000071,86.13
2020-09-19,U00491,1000135,52.49
2020-01-25,U00115,1000187,15.24
2020-04-18,U00357,1000128,53.76
2020-05-11,U00371,1000034,48.77
2020-12-02,U00344,1000176,36.95
2020-05-22,U00327,1000014,98.35
2020-05-08,U00104,1000055,24.64
2020-06-07,U00424,1000134,29.23
2020-06-23,U00062,1000101,73.47
2020-03-26,U00052,1000023,13.89
2020-10-15,U00269,1000119,72.8
2020-02-18,U00024,1000155,96.71
2020-04-19,U00046,1000161,68.81
2020-08-07,U00068,1000103,65.54
2020-04-02,U00451,1000104,85.35
2020-12-03,U00489,1000021,91.3
2020-10-25,U00258,1000127,76.29
2020-06-13,U00048,1000118,95.31
2020-07-25,U00282,1000184,86.22
2020-01-01,U00466,1000047,24.62
2020-01-26,U00015,1000150,15.03
2020-07-04,U00281,1000032,83.73
2020-09-01,U00125,1000176,40.47
2020-08-21,U00359,1000127,29.81
2020-05-27,U00305,1000030,95.27
2020-07-01,U00451,1000158,68.93
2020-07-12,U00312,1000088,17.59
2020-01-03,U00159,1000154,11.67
2020-02-28,U00269,1000163,77.56
2020-05-04,U00276,1000074,26.23
2020-07-17,U00244,1000087,83.78
2020-10-05,U00387,1000104,23.3
2020-12-06,U00482,1000055,62.02
2020-09-05,U00037,1000061,47.42
2020-06-11,U00214,1000019,13.67
2020-01-23,U00381,1000187,32.63
2020-09-18,U00208,1000191,9.03
2020-06-21,U00010,1000199,79.45
2020-04-16,U00479,1000101,45.29
2020-12-02,U00265,1000177,14.02
2020-12-05,U00218,1000199,84.57
2020-01-07,U00447,1000014,53.9
2020-04-12,U00199,1000101,88.15
2020-02-27,U00446,1000195,7.56
2020-03-22,U00233,1000018,35.12
2020-12-07,U00051,1000044,77.15
2020-05-11,U00182,1000013,81.84
2020-09-18,U00093,1000111,58.77
2020-08-21,U00433,1000124,44.9
2020-09-21,U00462,1000036,63.39
2020-09-27,U00135,1000074,75.47
2020-01-04,U00123,1000077,89.26
2020-01-26,U00270,1000114,78.34
2020-06-10,U00121,1000122,86.11
2020-09-24,U00457,1000135,17.83
2020-01-07,U00119,1000165,40.18
2020-12-04,U00027,1000026,67.7
2020-08-23,U00355,1000004,61.93
2020-01-17,U00188,1000144,59.6
2020-02-26,U00148,1000073,58.96
2020-01-23,U00231,1000065,59.79
2020-03-13,U00387,1000153,71.38
2020-10-21,U00215,1000196,63.7
2020-07-28,U00399,1000168,32.86
2020-09-21,U00309,1000194,61.43
2020-12-22,U00347,1000194,97.24
2020-08-03,U00455,1000133,32.78
2020-09-26,U00187,1000148,41.11
2020-10-08,U00075,1000084,58.14
2020-05-01,U00395,1000128,88.41
2020-10-20,U00405,1000049,94.61
2020-04-04,U00094,1000199,80.87
2020-04-10,U00399,1000036,77.97
2020-07-13,U00288,1000143,95.3
2020-01-14,U00318,1000179,7.16
2020-09-16,U00079,1000101,65.18
2020-08-25,U00213,1000007,65.34
2020-03-24,U00110,1000079,57.8
2020-12-08,U00266,1000155,25.72
2020-11-22,U00308,1000092,66.12
2020-09-05,U00336,1000143,76.16
2020-05-27,U00001,1000088,95.24
2020-11-04,U00072,1000177,58.23
2020-07-11,U00015,1000140,80.63
2020-03-13,U00302,1000195,38.72
2020-11-05,U00222,1000169,30.01
2020-09-13,U00293,1000096,37.4
2020-11-03,U00472,1000055,6.4
2020-08-26,U00218,1000025,68.17
2020-11-05,U00392,1000048,80.88
2020-06-19,U00172,1000192,16.3
2020-04-25,U00136,1000102,55.9
2020-04-19,U00407,1000197,34.21
2020-09-09,U00320,1000010,85.34
2020-03-16,U00385,1000057,5.09
2020-11-28,U00263,1000111,61.44
2020-07-03,U00028,1000029,83.37
2020-07-17,U00103,1000019,12.63
2020-04-27,U00313,1000085,82.41
2020-01-02,U00484,1000016,40.27
2020-01-20,U00331,1000071,12.53
2020-11-20,U00037,1000188,35.21
2020-08-14,U00396,1000045,86.11
2020-09-07,U00446,1000149,94.25
2020-11-14,U00321,1000036,9.73
2020-06-08,U00326,1000071,30.39
2020-08-15,U00226,1000153,31.46
2020-03-02,U00365,1000114,88.23
2020-12-13,U00390,1000105,68.11
2020-10-05,U00176,1000004,57.21
2020-02-24,U00446,1000125,73.15
2020-08-13,U00472,1000012,97.31
2020-10-23,U00477,1000154,11.28
2020-05-01,U00203,1000134,68.42
2020-05-03,U00496,1000049,23.65
2020-08-08,U00045,1000033,94.69
2020-06-12,U00366,1000043,24.05
2020-07-04,U00239,1000139,92.15
2020-08-01,U00104,1000042,68.74
2020-02-20,U00083,1000000,40.7
2020-04-25,U00216,1000060,82.57
2020-11-11,U00067,1000119,51.6
2020-10-12,U00192,1000031,22.9
2020-08-03,U00456,1000170,56.25
2020-05-09,U00303,1000012,73.24
2020-03-28,U00296,1000082,9.49
2020-07-10,U00261,1000011,96.47
2020-02-14,U00141,1000072,98.52
2020-04-15,U00104,1000174,28.51
2020-02-13,U00240,1000136,15.18
2020-03-15,U00379,1000127,67.72
2020-03-06,U00038,1000003,83.39
2020-11-03,U00449,1000125,89.06
2020-10-18,U00423,1000046,14.62
2020-04-09,U00265,1000107,21.13
2020-09-11,U00376,1000125,78.73
2020-11-20,U00224,1000059,76.24
2020-04-28,U00421,1000138,27.84
2020-02-28,U00263,1000045,56.09
2020-06-14,U00014,1000086,26.52
2020-08-24,U00011,1000126,78.85
2020-10-18,U00368,1000162,45.3
2020-11-04,U00232,1000122,70.81
2020-07-28,U00480,1000127,27.18
2020-07-17,U00399,1000037,85.85
2020-01-12,U00391,1000000,40.35
2020-03-03,U00337,1000043,21.96
2020-11-12,U00167,1000172,19.97
2020-07-22,U00447,1000168,39.41
2020-06-18,U00229,1000026,69.55
2020-07-19,U00076,1000187,11.85
2020-11-25,U00479,1000044,11.84
2020-10-05,U00167,1000145,42.41
2020-08-25,U00304,1000010,57.41
2020-09-25,U00349,1000068,27.11
2020-10-20,U00277,1000073,78.63
2020-01-06,U00064,1000009,84.98
2020-01-20,U00354,1000186,26.6
2020-09-14,U00499,1000184,61.23
2020-12-09,U00259,1000074,65.95
2020-05-20,U00172,1000188,62.31
2020-09-21,U00033,1000165,12.9
2020-06-15,U00320,1000139,52.71
2020-01-23,U00335,1000112,13.62
2020-03-08,U00458,1000139,42.76
2020-07-16,U00100,1000138,77.3
2020-11-06,U00013,1000157,47.49
2020-07-25,U00039,1000157,10.97
2020-11-22,U00498,1000118,51.52
2020-09-16,U00196,1000138,19.09
2020-10-19,U00468,1000111,52.55
2020-12-28,U00078,1000033,35.09
2020-10-07,U00252,1000191,8.59
2020-11-18,U00162,1000174,54.29
2020-07-21,U00095,1000174,63.77
2020-04-12,U00026,1000178,30.32
2020-01-22,U00458,1000092,76.02
2020-07-13,U00372,1000158,36.2
2020-08-19,U00019,1000007,68.26
2020-03-09,U00460,1000138,21.54
2020-12-11,U00436,1000095,30.22
2020-03-17,U00201,1000117,60.8
2020-04-05,U00180,1000156,32.65
2020-11-08,U00324,1000034,69.25
2020-12-19,U00433,1000068,79.22
2020-04-28,U00481,1000049,56.34
2020-10-04,U00174,1000103,20.46
2020-02-22,U00348,1000083,22.54
2020-06-24,U00477,1000123,21.72
2020-06-13,U00085,1000147,21.15
2020-10-08,U00444,1000177,25.89
2020-09-20,U00400,1000175,39.78
2020-04-28,U00481,1000129,14.98
2020-12-13,U00189,1000093,7.41
2020-11-16,U00265,1000067,94.89
2020-09-11,U00008,1000156,35.12
2020-08-25,U00348,1000073,82.54
2020-04-01,U00099,1000078,64.04
2020-02-22,U00457,1000131,82.49
2020-02-27,U00057,1000123,61.31
2020-03-02,U00101,1000133,83.3
2020-06-19,U00120,1000068,79.58
2020-02-27,U00186,1000053,42.09
2020-02-11,U00150,1000116,15.11
2020-06-07,U00054,1000055,73.52
2020-06-20,U00453,1000054,81.85
2020-08-24,U00433,1000134,14.15
2020-07-15,U00435,1000081,9.3
2020-10-09,U00487,1000038,70.53
2020-11-26,U00055,1000072,94.34
2020-02-02,U00397,1000090,21.67
2020-07-20,U00270,1000031,70.43
2020-09-16,U00287,1000015,61.88
2020-03-25,U00244,1000001,30.54
2020-03-08,U00432,1000131,54.52
2020-06-13,U00083,1000035,92.91
2020-09-26,U00467,1000198,45.25
2020-01-11,U00442,1000197,59.86
2020-07-26,U00386,1000115,55.66
2020-05-10,U00441,1000042,17.99
2020-12-11,U00261,1000086,97.42
2020-11-09,U00277,1000161,36.92
2020-10-14,U00493,1000093,79.88
2020-06-26,U00364,1000157,32.08
2020-09-05,U00155,1000157,90.59
2020-02-26,U00354,1000109,97.63
2020-01-05,U00477,1000001,87.95
2020-01-05,U00410,1000078,40.02
2020-04-19,U00331,1000059,11.84
2020-04-05,U00329,1000029,80.14
2020-06-03,U00106,1000001,35.45
2020-08-02,U00267,1000052,64.54
2020-07-18,U00377,1000046,69.11
2020-05-10,U00145,1000133,54.33
2020-07-13,U00300,1000158,98.54
2020-08-05,U00255,1000176,98.1
2020-04-14,U00229,1000163,79.15
2020-12-10,U00329,1000105,19.07
2020-01-05,U00187,1000131,97.57
2020-12-06,U00470,1000094,32.06
2020-02-17,U00111,1000044,71.51
2020-02-24,U00068,1000048,83.62
2020-03-07,U00310,1000036,87.59
2020-11-01,U00320,1000078,63.66
2020-01-13,U00378,1000002,88.24
2020-09-08,U00212,1000067,51.02
2020-04-23,U00283,1000118,37.43
2020-09-06,U00392,1000120,42.98
2020-12-03,U00340,1000116,21.63
2020-03-12,U00245,1000118,35.16
2020-12-12,U00287,1000160,29.97
2020-03-13,U00079,1000146,93.56
2020-06-05,U00316,1000023,53.03
2020-11-24,U00232,1000097,89.57
2020-09-08,U00373,1000026,41.89
2020-09-28,U00093,1000183,46.32
2020-02-21,U00240,1000044,10.95
2020-11-07,U00101,1000113,79.0
2020-12-07,U00474,1000144,66.61
2020-03-27,U00474,1000007,35.63
2020-03-05,U00295,1000145,90.51
2020-04-24,U00210,1000043,94.8
2020-12-14,U00409,1000083,66.78
2020-10-03,U00327,1000077,27.21
2020-09-05,U00121,1000042,35.56
2020-06-23,U00493,1000062,79.2
2020-09-07,U00163,1000142,93.33
2020-05-14,U00062,1000125,73.13
2020-08-24,U00380,1000126,25.57
2020-07-10,U00126,1000005,58.68
2020-05-28,U00129,1000147,81.21
2020-08-20,U00366,1000185,15.95
2020-08-20,U00422,1000149,46.25
2020-03-19,U00089,1000112,11.57
2020-01-11,U00126,1000170,89.7
2020-08-25,U00269,1000127,72.56
2020-04-16,U00362,1000083,18.0
2020-09-17,U00124,1000033,19.03
2020-11-25,U00497,1000025,17.66
2020-06-13,U00373,1000185,86.12
2020-09-07,U00088,1000009,88.04
2020-05-25,U00283,1000125,62.02
2020-11-15,U00265,1000128,52.56
2020-10-15,U00178,1000175,24.8
2020-12-24,U00360,1000095,67.73
2020-06-06,U00121,1000163,55.29
2020-01-26,U00428,1000192,79.29
2020-01-07,U00008,1000071,96.93
2020-04-13,U00330,1000020,81.58
2020-10-11,U00056,1000117,11.24
2020-03-07,U00446,1000186,58.63
2020-02-01,U00398,1000038,65.43
2020-03-25,U00474,1000186,93.53
2020-12-12,U00339,1000006,13.69
2020-04-16,U00141,1000167,86.58
2020-09-07,U00029,1000156,82.39
2020-01-19,U00212,1000120,12.77
2020-11-19,U00255,1000023,62.22
2020-02-05,U00203,1000012,64.53
2020-12-05,U00059,1000053,19.8
2020-11-23,U00491,1000117,43.55
2020-11-05,U00027,1000029,61.95
2020-12-22,U00045,1000029,15.59
2020-07-04,U00066,1000046,8.93
2020-10-24,U00016,1000114,17.78
2020-06-22,U00380,1000135,76.44
2020-04-07,U00473,1000159,75.2
2020-04-02,U00150,1000146,23.09
2020-07-11,U00106,1000137,6.26
2020-03-15,U00333,1000170,81.26
2020-09-04,U00076,1000195,78.79
2020-03-04,U00046,1000072,7.13
2020-09-22,U00202,1000160,54.33
2020-06-28,U00004,1000147,67.5
2020-03-05,U00305,1000073,40.3
2020-01-27,U00421,1000151,23.2
2020-06-12,U00369,1000097,83.93
2020-02-26,U00379,1000188,66.58
2020-04-23,U00341,1000145,61.04
2020-03-25,U00355,1000149,51.68
2020-01-25,U00049,1000058,96.08
2020-02-05,U00141,1000048,44.84
2020-06-18,U00167,1000138,39.47
2020-05-25,U00473,1000033,24.93
2020-01-09,U00482,1000019,88.48
2020-03-01,U00072,1000123,92.44
2020-07-04,U00185,1000157,20.22
2020-04-18,U00253,1000071,10.67
2020-10-20,U00031,1000113,72.57
2020-02-14,U00218,1000151,7.1
2020-04-05,U00064,1000072,54.92
2020-02-11,U00163,1000066,94.57
2020-03-27,U00449,1000175,64.38
2020-01-08,U00359,1000181,86.45
2020-01-08,U00030,1000031,6.58
2020-06-13,U00489,1000127,58.06
2020-11-15,U00188,1000108,88.95
2020-05-20,U00033,1000094,46.62
2020-11-25,U00178,1000095,31.79
2020-03-08,U00128,1000122,84.11
2020-03-27,U00414,1000064,48.4
2020-01-04,U00022,1000142,10.58
2020-02-26,U00401,1000131,16.53
2020-04-01,U00412,1000188,79.5
2020-09-08,U00051,1000115,42.47
2020-02-16,U00082,1000108,53.53
2020-09-01,U00264,1000024,81.36
2020-11-12,U00229,1000027,18.92
2020-01-28,U00368,1000027,96.57
2020-12-02,U00237,1000021,23.38
2020-01-14,U00231,1000026,28.17
2020-08-23,U00117,1000085,12.49
2020-01-27,U00445,1000073,38.95
2020-09-09,U00251,1000076,23.75
2020-07-06,U00058,1000180,23.48
2020-01-19,U00222,1000046,37.8
2020-09-22,U00181,1000114,45.04
2020-07-20,U00129,1000127,7.79
2020-02-18,U00002,1000085,23.7
2020-11-26,U00446,1000198,23.83
2020-07-06,U00421,1000112,91.67
2020-07-13,U00223,1000038,12.42
2020-10-03,U00268,1000061,83.09
2020-12-28,U00243,1000004,8.02
2020-05-13,U00212,1000108,14.42
2020-06-21,U00301,1000006,75.98
2020-02-02,U00228,1000150,50.65
2020-08-04,U00467,1000064,8.51
2020-12-21,U00134,1000149,27.18
2020-09-03,U00420,1000183,57.91
2020-12-28,U00362,1000161,70.47
2020-10-01,U00161,1000063,67.76
2020-12-03,U00162,1000044,8.98
2020-10-20,U00256,1000009,80.94
2020-05-21,U00425,1000153,82.24
2020-07-26,U00310,1000135,98.03
2020-11-08,U00331,1000016,23.67
2020-10-15,U00350,1000030,81.48
2020-07-20,U00284,1000191,32.51
2020-07-13,U00489,1000025,18.95
2020-08-10,U00487,1000012,50.59
2020-10-09,U00127,1000059,83.11
2020-06-14,U00093,1000053,74.27
2020-09-22,U00302,1000152,32.18
2020-10-04,U00312,1000114,80.86
2020-02-23,U00421,1000067,20.52
2020-07-28,U00489,1000169,18.12
2020-04-15,U00026,1000131,48.31
2020-09-28,U00087,1000027,13.37
2020-01-27,U00081,1000169,67.54
2020-01-21,U00411,1000169,64.01
2020-02-28,U00476,1000139,93.71
2020-02-08,U00189,1000175,70.97
2020-10-19,U00262,1000152,52.42
2020-10-15,U00461,1000037,89.36
2020-02-15,U00492,1000005,73.71
2020-09-17,U00320,1000150,95.67
2020-11-17,U00015,1000018,96.23
2020-07-09,U00155,1000136,17.99
2020-02-15,U00484,1000091,54.06
2020-12-08,U00292,1000112,96.42
2020-06-15,U00477,1000002,55.68
2020-01-26,U00013,1000066,55.77
2020-07-16,U00163,1000121,67.66
2020-03-27,U00096,1000097,57.96
2020-05-20,U00206,1000023,76.87
2020-11-03,U00478,1000040,53.02
2020-08-22,U00418,1000151,30.42
2020-03-20,U00343,1000108,57.61
2020-09-05,U00237,1000185,75.7
2020-10-22,U00476,1000122,67.47
2020-01-09,U00022,1000150,38.34
2020-12-04,U00132,1000022,79.27
2020-07-04,U00181,1000109,9.14
2020-09-21,U00127,1000045,50.83
2020-11-26,U00353,1000141,57.47
2020-06-24,U00193,1000090,15.06
2020-08-19,U00408,1000168,67.98
2020-07-06,U00149,1000163,9.25
2020-10-14,U00359,1000163,31.61
2020-10-13,U00196,1000139,28.37
2020-05-20,U00219,1000006,29.97
2020-09-10,U00077,1000016,46.73
2020-03-18,U00173,1000026,41.28
2020-03-12,U00296,1000194,27.86
2020-11-14,U00140,1000138,56.39
2020-01-17,U00495,1000146,95.25
2020-04-09,U00273,1000102,55.07
2020-09-08,U00314,1000010,87.75
2020-03-09,U00202,1000122,19.23
2020-09-15,U00308,1000147,11.41
2020-01-20,U00426,1000016,13.38
2020-02-07,U00424,1000028,60.13
2020-12-08,U00183,1000169,76.02
2020-10-21,U00417,1000041,98.87
2020-04-23,U00208,1000027,26.87
2020-08-24,U00208,1000000,37.12
2020-04-02,U00470,1000065,35.19
2020-09-04,U00205,1000085,78.3
2020-12-01,U00465,1000042,38.87
2020-05-25,U00154,1000126,18.6
2020-02-20,U00049,1000109,34.88
2020-01-28,U00098,1000178,32.18
2020-01-26,U00290,1000106,42.79
2020-02-16,U00386,1000189,50.52
2020-12-03,U00395,1000132,16.92
2020-05-20,U00275,1000146,75.78
2020-11-02,U00279,1000138,94.9
2020-12-01,U00443,1000102,48.4
2020-09-05,U00049,1000069,12.48
2020-05-14,U00264,1000026,79.0
2020-06-20,U00094,1000100,63.9
2020-05-18,U00216,1000157,67.34
2020-10-26,U00468,1000063,70.69
2020-10-13,U00356,1000158,56.66
2020-05-17,U00195,1000145,34.36
2020-02-11,U00174,1000150,29.55
2020-06-26,U00337,1000012,15.4
2020-10-05,U00369,1000153,68.88
2020-01-28,U00351,1000199,49.91
2020-06-08,U00356,1000097,88.58
2020-01-12,U00058,1000018,49.6
2020-07-22,U00372,1000015,26.34
2020-10-18,U00385,1000197,57.19
2020-07-07,U00215,1000080,28.36
2020-12-21,U00064,1000025,53.38
2020-05-11,U00190,1000153,10.25
2020-08-01,U00025,1000006,60.85
2020-11-19,U00154,1000034,33.08
2020-10-09,U00091,1000012,32.57
2020-07-13,U00349,1000070,78.84
2020-12-28,U00285,1000157,45.88
2020-08-14,U00025,1000083,79.18
2020-05-06,U00007,1000079,34.59
2020-06-16,U00387,1000113,36.95
2020-01-19,U00230,1000078,77.19
2020-04-07,U00400,1000129,80.69
2020-01-14,U00066,1000062,85.56
2020-06-09,U00409,1000103,87.33
2020-03-28,U00324,1000047,77.42
2020-06-23,U00148,1000013,15.19
2020-11-11,U00309,1000155,37.62
2020-01-01,U00355,1000172,45.0
2020-03-04,U00089,1000038,32.65
2020-08-14,U00493,1000122,70.23
2020-08-10,U00205,1000034,76.8
2020-10-03,U00199,1000007,14.74
2020-03-09,U00363,1000025,13.68
2020-09-27,U00489,1000064,55.14
2020-09-21,U00198,1000015,5.58
2020-09-01,U00055,1000121,60.35
2020-07-16,U00364,1000126,98.21
2020-03-07,U00447,1000020,21.25
2020-10-12,U00227,1000003,92.51
2020-05-15,U00069,1000183,43.4
2020-05-28,U00084,1000163,81.33
2020-02-05,U00373,1000028,91.44
2020-01-07,U00270,1000064,26.51
2020-08-11,U00116,1000110,37.5
2020-10-24,U00197,1000192,55.04
2020-08-18,U00179,1000162,20.87
2020-05-17,U00089,1000079,17.02
2020-11-18,U00355,1000192,26.86
2020-06-09,U00185,1000192,97.12
2020-05-02,U00016,1000173,93.79
2020-05-10,U00334,1000094,31.81
2020-08-11,U00378,1000037,86.77
2020-02-04,U00071,1000049,19.49
2020-12-15,U00146,1000197,55.5
2020-12-24,U00251,1000174,93.37
2020-12-27,U00043,1000115,46.21
2020-07-25,U00105,1000062,67.46
2020-11-21,U00347,1000190,20.64
2020-03-01,U00098,1000142,55.66
2020-11-06,U00419,1000018,89.39
2020-06-23,U00006,1000167,56.03
2020-02-20,U00401,1000099,95.46
2020-01-09,U00168,1000182,64.72
2020-01-13,U00311,1000058,35.55
2020-09-17,U00424,1000037,30.08
2020-04-11,U00434,1000058,87.82
2020-01-02,U00439,1000179,79.06
2020-12-04,U00263,1000017,72.22
2020-07-15,U00242,1000129,31.94
2020-02-27,U00217,1000088,97.96
2020-05-09,U00130,1000171,94.82
2020-05-09,U00218,1000013,82.63
2020-04-27,U00273,1000092,69.71
2020-08-20,U00317,1000055,47.33
2020-09-04,U00007,1000164,69.51
2020-12-22,U00164,1000061,65.5
2020-02-05,U00274,1000116,95.27
2020-09-22,U00130,1000137,74.12
2020-10-19,U00296,1000108,97.89
2020-09-17,U00397,1000039,88.17
2020-12-20,U00031,1000078,98.36
2020-06-16,U00296,1000179,17.49
2020-08-04,U00140,1000115,69.02
2020-05-13,U00119,1000009,81.16
2020-12-20,U00276,1000191,95.57
2020-12-09,U00089,1000068,17.43
2020-04-27,U00285,1000166,26.28
2020-08-06,U00266,1000060,27.4
2020-02-05,U00499,1000028,97.62
2020-11-18,U00255,1000007,41.84
2020-03-19,U00107,1000044,53.61
2020-09-02,U00364,1000147,57.36
2020-04-06,U00074,1000031,9.21
2020-02-01,U00094,1000058,21.52
2020-01-01,U00032,1000177,54.07
2020-08-14,U00194,1000029,9.26
2020-01-17,U00430,1000161,61.11
2020-09-26,U00346,1000123,72.2
2020-02-01,U00280,1000021,81.88
2020-04-12,U00196,1000023,32.14
2020-12-08,U00459,1000141,32.2
2020-06-21,U00124,1000164,93.68
2020-10-17,U00386,1000012,78.9
2020-05-14,U00400,1000192,77.04
2020-09-21,U00070,1000049,34.6
2020-07-28,U00301,1000080,83.21
2020-02-02,U00001,1000050,73.93
2020-01-15,U00427,1000192,43.0
2020-03-01,U00189,1000071,93.69
2020-12-19,U00194,1000112,83.4
2020-06-01,U00462,1000176,9.33
2020-07-22,U00199,1000108,30.26
2020-02-01,U00463,1000165,41.94
2020-06-10,U00444,1000022,71.64
2020-12-27,U00456,1000057,97.76
2020-01-26,U00228,1000138,35.45
2020-07-20,U00418,1000151,30.27
2020-10-16,U00021,1000133,62.83
2020-06-25,U00287,1000194,23.3
2020-07-18,U00103,1000075,57.07
2020-07-18,U00371,1000145,58.07
2020-07-06,U00198,1000155,48.16
2020-01-17,U00119,1000138,45.74
2020-09-17,U00459,1000162,58.18
2020-08-17,U00349,1000169,65.24
2020-10-03,U00186,1000007,39.87
2020-10-14,U00092,1000092,47.63
2020-02-19,U00232,1000096,7.2
2020-10-08,U00064,1000005,93.67
2020-03-14,U00451,1000179,76.82
2020-06-15,U00434,1000161,54.07
2020-09-27,U00446,1000047,40.73
2020-05-03,U00283,1000001,76.54
2020-10-12,U00478,1000035,93.43
2020-08-12,U00171,1000130,34.55
2020-02-15,U00249,1000116,32.33
2020-02-22,U00382,1000035,50.9
2020-07-20,U00094,1000019,14.08
2020-11-26,U00427,1000165,56.83
2020-05-03,U00311,1000182,60.67
2020-03-14,U00136,1000045,20.3
2020-10-16,U00171,1000131,60.24
2020-08-02,U00415,1000181,87.87
2020-05-24,U00374,1000093,30.04
2020-03-04,U00421,1000141,37.58
2020-05-12,U00248,1000011,34.98
2020-09-05,U00001,1000147,18.3
2020-06-16,U00425,1000000,71.77
2020-01-24,U00025,1000016,64.42
2020-04-23,U00460,1000087,43.54
2020-01-15,U00087,1000054,82.76
2020-05-28,U00442,1000120,98.24
2020-09-06,U00470,1000143,62.44
2020-12-26,U00143,1000001,10.49
2020-08-17,U00333,1000132,22.18
2020-12-09,U00367,1000115,27.59
2020-03-14,U00037,1000099,93.51
2020-09-26,U00395,1000095,5.59
2020-02-02,U00402,1000089,93.64
2020-11-23,U00385,1000015,13.6
2020-10-12,U00499,1000000,62.38
2020-08-26,U00055,1000168,13.1
2020-03-14,U00041,1000191,87.73
2020-12-12,U00116,1000112,10.0
2020-10-05,U00102,1000011,8.09
2020-02-26,U00220,1000151,34.51
2020-01-01,U00489,1000123,29.1
2020-12-27,U00334,1000022,87.46
2020-10-26,U00159,1000143,71.87
2020-12-10,U00116,1000165,18.24
2020-10-17,U00239,1000105,60.75
2020-10-07,U00442,1000105,37.39
2020-10-09,U00142,1000120,77.0
2020-07-27,U00375,1000022,95.18
2020-12-17,U00473,1000036,96.88
2020-04-26,U00159,1000137,12.77
2020-12-25,U00036,1000009,29.23
2020-01-05,U00180,1000198,57.78
2020-10-13,U00113,1000175,22.22
2020-08-10,U00109,1000186,38.83
2020-05-17,U00391,1000061,36.72
2020-03-14,U00271,1000015,43.13
2020-05-18,U00222,1000009,75.06
2020-08-07,U00301,1000140,25.59
2020-12-09,U00456,1000076,92.51
2020-09-07,U00280,1000077,95.96
2020-06-26,U00116,1000097,91.59
2020-11-28,U00152,1000103,91.01
2020-09-02,U00169,1000085,9.99
2020-08-09,U00360,1000012,41.99
2020-08-20,U00171,1000090,12.53
2020-07-06,U00105,1000144,22.18
2020-01-20,U00017,1000138,93.07
2020-06-04,U00021,1000126,64.12
2020-05-24,U00014,1000170,98.07
2020-02-08,U00051,1000021,98.7
2020-08-25,U00259,1000099,13.91
2020-11-01,U00072,1000084,80.71
2020-12-15,U00349,1000099,10.07
2020-12-06,U00086,1000162,7.24
2020-12-20,U00189,1000059,34.62
2020-05-23,U00481,1000021,69.16
2020-01-03,U00341,1000034,22.13
2020-06-26,U00406,1000144,38.59
2020-01-01,U00080,1000106,76.4
2020-12-02,U00040,1000081,15.43
2020-04-28,U00368,1000046,90.21
2020-06-26,U00335,1000175,69.52
2020-05-15,U00324,1000158,36.94
2020-08-10,U00022,1000126,14.39
2020-08-23,U00097,1000033,48.59
2020-09-02,U00476,1000090,71.58
2020-10-22,U00187,1000164,7.64
2020-04-22,U00384,1000016,9.53
2020-07-10,U00490,1000173,63.47
2020-05-25,U00369,1000003,24.11
2020-10-04,U00001,1000071,37.73
2020-01-07,U00219,1000011,52.61
2020-12-25,U00145,1000016,11.77
2020-05-21,U00314,1000024,94.81
2020-11-11,U00450,1000157,62.96
2020-03-18,U00183,1000088,76.44
2020-04-12,U00351,1000145,37.0
2020-01-12,U00198,1000018,8.13
2020-07-16,U00291,1000147,6.23
2020-01-13,U00292,1000109,93.63
2020-09-02,U00037,1000139,41.36
2020-08-16,U00134,1000011,78.16
2020-04-16,U00256,1000068,70.27
2020-03-23,U00455,1000055,67.25
2020-10-28,U00147,1000078,59.62
2020-06-28,U00115,1000005,5.26
2020-08-15,U00193,1000194,84.72
2020-03-11,U00167,1000002,25.49
2020-11-12,U00424,1000002,11.85
2020-04-13,U00160,1000065,17.22
2020-07-06,U00146,1000027,48.18
2020-05-06,U00298,1000015,64.01
2020-11-19,U00359,1000199,19.05
2020-04-10,U00169,1000024,11.56
2020-12-26,U00016,1000146,8.74
2020-07-27,U00346,1000011,38.48
2020-01-21,U00391,1000138,57.24
2020-07-17,U00129,1000062,6.31
2020-02-03,U00196,1000100,46.74
2020-03-20,U00474,1000001,31.47
2020-11-11,U00490,1000116,36.4
2020-10-18,U00404,1000139,47.41
2020-10-28,U00095,1000022,21.07
2020-12-19,U00394,1000108,34.3
2020-07-02,U00118,1000061,44.39
2020-03-26,U00004,1000177,18.3
2020-06-12,U00266,1000047,12.31
2020-08-15,U00455,1000006,70.32
2020-03-01,U00464,1000113,15.77
2020-06-27,U00082,1000057,72.09
2020-09-01,U00092,1000048,45.56
2020-03-04,U00331,1000155,73.2
2020-03-03,U00180,1000134,78.85
2020-09-19,U00465,1000125,72.94
2020-11-12,U00289,1000024,45.77
2020-02-17,U00223,1000054,55.34
2020-06-18,U00281,1000020,73.65
2020-06-19,U00383,1000118,69.89
2020-08-06,U00360,1000176,13.85
2020-09-17,U00022,1000181,9.73
2020-06-08,U00245,1000136,76.97
2020-12-20,U00439,1000055,11.31
2020-07-20,U00482,1000039,52.8
2020-10-16,U00460,1000044,80.55
2020-05-11,U00492,1000079,86.43
2020-11-04,U00263,1000035,20.8
2020-08-06,U00000,1000013,21.7
2020-04-20,U00150,1000137,16.98
2020-04-05,U00339,1000039,10.56
2020-02-09,U00142,1000124,97.82
2020-11-07,U00374,1000033,91.91
2020-09-24,U00056,1000016,44.62
2020-06-19,U00308,1000181,23.45
2020-01-22,U00064,1000188,63.97
2020-01-05,U00018,1000162,24.54
2020-01-09,U00479,1000182,70.41
2020-04-28,U00067,1000033,72.39
2020-08-12,U00435,1000032,70.37
2020-02-08,U00190,1000183,23.23
2020-03-17,U00047,1000106,36.53
2020-01-14,U00129,1000101,23.52
2020-11-27,U00029,1000088,72.23
2020-10-08,U00478,1000112,47.95
2020-06-13,U00462,1000149,14.02
2020-09-08,U00067,1000196,11.68
2020-01-21,U00082,1000153,13.43
2020-11-27,U00351,1000190,11.96
2020-05-13,U00442,1000155,8.84
2020-03-19,U00383,1000135,25.51
2020-01-09,U00126,1000189,55.87
2020-05-03,U00317,1000099,41.84
2020-03-19,U00041,1000051,93.26
2020-07-16,U00007,1000128,10.25
2020-07-18,U00453,1000094,96.07
2020-07-27,U00496,1000100,48.29
2020-01-13,U00119,1000179,42.04
2020-03-03,U00292,1000131,80.59
2020-06-12,U00030,1000077,59.63
2020-05-10,U00335,1000009,46.45
2020-07-13,U00100,1000175,33.78
2020-04-23,U00115,1000145,44.18
2020-01-10,U00331,1000154,40.43
2020-08-07,U00066,1000043,41.22
2020-07-27,U00060,1000022,32.78
2020-03-09,U00110,1000105,67.55
2020-12-11,U00481,1000167,57.15
2020-06-09,U00344,1000038,14.53
2020-09-28,U00262,1000162,88.31
2020-01-18,U00376,1000126,94.22
2020-10-22,U00316,1000025,74.55
2020-07-05,U00327,1000061,73.09
2020-12-03,U00336,1000153,58.66
2020-07-09,U00112,1000051,57.61
2020-04-05,U00368,1000072,94.04
2020-03-12,U00341,1000014,39.28
2020-04-08,U00125,1000066,94.23
2020-01-26,U00353,1000061,12.29
2020-12-27,U00187,1000171,54.73
2020-07-01,U00191,1000184,30.11
2020-08-25,U00372,1000099,91.12
2020-10-22,U00137,1000127,36.1
2020-08-13,U00300,1000182,89.12
2020-05-24,U00395,1000162,36.54
2020-04-12,U00495,1000061,46.04
2020-10-16,U00438,1000069,41.94
2020-12-20,U00397,1000128,40.94
2020-02-14,U00106,1000071,16.89
2020-03-11,U00146,1000094,7.08
2020-12-01,U00293,1000085,91.98
2020-10-10,U00260,1000022,81.59
2020-03-25,U00204,1000152,18.4
2020-06-19,U00195,1000101,33.4
2020-08-06,U00057,1000061,6.27
2020-05-05,U00122,1000094,78.03
2020-10-04,U00136,1000046,41.17
2020-05-02,U00341,1000067,66.16
2020-10-07,U00126,1000040,93.45
2020-02-10,U00397,1000081,88.3
2020-04-23,U00414,1000014,47.56
2020-07-08,U00336,1000197,48.04
2020-02-22,U00462,1000004,7.82
2020-11-22,U00374,1000031,51.59
2020-09-27,U00182,1000042,18.36
2020-02-03,U00188,1000186,56.6
2020-02-18,U00143,1000081,19.7
2020-06-27,U00496,1000168,31.26
2020-03-14,U00455,1000129,79.97
2020-05-09,U00432,1000174,66.15
2020-11-16,U00024,1000028,51.74
2020-11-06,U00445,1000165,92.77
2020-11-01,U00354,1000135,43.63
2020-06-24,U00420,1000037,25.92
2020-08-15,U00231,1000033,59.27
2020-07-22,U00165,1000104,22.7
2020-08-01,U00057,1000071,90.64
2020-11-27,U00023,1000195,64.15
2020-06-27,U00078,1000112,92.65
2020-02-01,U00474,1000094,35.6
2020-09-22,U00023,1000009,7.38
2020-03-16,U00438,1000174,21.75
2020-03-03,U00158,1000047,35.06
2020-11-28,U00484,1000049,16.27
2020-01-20,U00154,1000058,95.96
2020-12-26,U00063,1000196,91.34
2020-07-17,U00412,1000160,70.25
2020-08-06,U00465,1000008,23.66
2020-04-13,U00318,1000088,38.0
2020-03-17,U00397,1000100,21.54
2020-12-01,U00307,1000165,22.53
2020-12-21,U00438,1000124,78.7
2020-06-05,U00368,1000095,95.84
2020-06-27,U00457,1000168,69.19
2020-04-05,U00086,1000038,65.15
2020-08-08,U00358,1000157,22.87
2020-09-20,U00311,1000044,5.13
2020-06-28,U00242,1000176,70.19
2020-04-26,U00181,1000057,17.15
2020-07-14,U00044,1000129,37.9
2020-01-16,U00203,1000023,90.3
2020-09-15,U00023,1000130,22.62
2020-10-16,U00403,1000030,76.86
2020-03-27,U00437,1000051,40.83
2020-02-01,U00251,1000031,19.66
2020-02-12,U00330,1000141,25.89
2020-09-22,U00286,1000161,95.42
2020-12-03,U00493,1000126,67.62
2020-11-14,U00472,1000181,76.63
2020-09-28,U00132,1000199,42.84
2020-04-11,U00226,1000192,29.69
2020-03-07,U00496,1000055,97.32
2020-03-05,U00487,1000041,91.45
2020-09-01,U00324,1000027,75.91
2020-05-09,U00078,1000088,57.66
2020-11-28,U00379,1000144,19.5
2020-11-22,U00323,1000047,21.79
2020-06-13,U00029,1000096,22.21
2020-10-11,U00108,1000095,66.67
2020-07-08,U00426,1000162,79.29
2020-08-28,U00408,1000062,11.27
2020-11-04,U00272,1000014,30.53
2020-11-26,U00251,1000070,14.83
2020-04-01,U00248,1000171,34.63
2020-09-10,U00395,1000031,66.4
2020-06-05,U00006,1000168,11.74
2020-07-06,U00205,1000169,10.39
2020-05-22,U00204,1000058,58.67
2020-12-16,U00336,1000093,41.29
2020-06-24,U00141,1000121,9.23
2020-06-09,U00291,1000018,80.13
2020-11-22,U00034,1000094,13.13
2020-12-09,U00036,1000019,58.23
2020-11-11,U00168,1000109,30.53
2020-10-22,U00046,1000147,72.76
2020-10-07,U00302,1000082,47.38
2020-08-12,U00412,1000047,10.66
2020-01-26,U00070,1000004,28.84
2020-07-06,U00341,1000003,11.69
2020-11-16,U00049,1000034,73.52
2020-02-05,U00157,1000018,93.44
2020-10-08,U00384,1000183,45.42
2020-10-13,U00236,1000136,58.25
2020-08-13,U00018,1000144,94.76
2020-08-07,U00037,1000042,45.08
2020-08-08,U00040,1000154,97.6
2020-03-05,U00224,1000166,41.6
2020-01-15,U00491,1000086,70.37
2020-09-18,U00318,1000121,65.98
2020-07-12,U00121,1000163,92.98
2020-11-22,U00292,1000178,70.14
2020-04-04,U00308,1000023,64.22
2020-07-11,U00158,1000048,7.9
2020-09-22,U00371,1000148,64.87
2020-03-08,U00063,1000037,9.29
2020-02-19,U00035,1000090,84.16
2020-06-16,U00413,1000096,30.6
2020-05-19,U00327,1000116,80.16
2020-05-16,U00003,1000182,9.69
2020-03-14,U00495,1000143,48.64
2020-05-10,U00278,1000170,76.68
2020-08-13,U00152,1000146,47.1
2020-08-10,U00453,1000022,44.46
2020-04-13,U00455,1000088,45.1
2020-01-09,U00439,1000084,8.1
2020-07-08,U00180,1000080,70.71
2020-08-07,U00019,1000150,74.48
2020-05-19,U00218,1000157,22.53
2020-08-15,U00040,1000028,87.98
2020-10-21,U00183,1000035,58.52
2020-07-08,U00164,1000052,9.66
2020-06-19,U00238,1000184,5.75
2020-06-12,U00056,1000041,54.73
2020-08-14,U00345,1000052,45.1
2020-04-03,U00436,1000080,62.72
2020-09-20,U00435,1000143,84.01
2020-06-20,U00201,1000089,91.72
2020-07-22,U00222,1000063,33.06
2020-06-25,U00134,1000074,75.06
2020-05-23,U00131,1000018,79.42
2020-05-20,U00062,1000101,58.52
2020-10-19,U00125,1000192,62.1
2020-12-28,U00132,1000070,59.36
2020-05-08,U00294,1000069,87.44
2020-05-01,U00269,1000194,68.55
2020-11-23,U00287,1000043,18.73
2020-01-19,U00168,1000128,44.49
2020-10-24,U00244,1000185,92.91
2020-10-22,U00418,1000136,65.4
2020-09-19,U00439,1000069,14.38
2020-03-04,U00495,1000002,98.78
2020-10-15,U00066,1000015,69.98
2020-02-28,U00245,1000194,9.08
2020-06-10,U00460,1000132,37.69
2020-05-21,U00363,1000105,39.83
2020-08-26,U00299,1000033,85.76
2020-03-02,U00125,1000002,9.03
2020-05-19,U00221,1000077,40.86
2020-02-05,U00370,1000156,26.0
2020-01-27,U00014,1000036,89.34
2020-06-04,U00069,1000199,15.79
2020-12-28,U00236,1000085,85.7
2020-06-17,U00361,1000152,41.81
2020-06-19,U00172,1000160,68.69
2020-08-01,U00284,1000110,96.26
2020-02-19,U00312,1000055,93.77
2020-05-23,U00184,1000141,33.04
2020-05-23,U00167,1000101,41.46
2020-02-03,U00114,1000138,56.77
2020-01-07,U00151,1000046,22.91
2020-07-06,U00477,1000171,74.64
2020-01-28,U00127,1000049,34.14
2020-05-06,U00135,1000104,24.54
2020-02-01,U00154,1000059,67.35
2020-12-19,U00212,1000129,74.7
2020-11-26,U00336,1000101,78.45
2020-09-27,U00014,1000008,56.9
2020-11-11,U00363,1000181,89.34
2020-10-28,U00143,1000097,75.81
2020-01-05,U00453,1000167,13.43
2020-11-16,U00224,1000073,11.05
2020-05-07,U00019,1000077,24.54
2020-06-02,U00079,1000058,55.44
2020-06-02,U00083,1000041,81.62
2020-10-09,U00216,1000100,36.8
2020-08-25,U00172,1000186,86.98
2020-03-07,U00102,1000034,53.91
2020-03-20,U00406,1000059,5.88
2020-01-05,U00169,1000102,58.92
2020-02-07,U00104,1000002,26.59
2020-04-07,U00129,1000104,49.03
2020-02-24,U00354,1000031,68.01
2020-07-26,U00233,1000093,92.68
2020-01-15,U00438,1000109,18.35
2020-08-20,U00312,1000088,75.58
2020-06-08,U00460,1000191,10.33
2020-05-21,U00189,1000053,10.27
2020-03-08,U00376,1000148,57.28
2020-05-27,U00249,1000043,27.09
2020-04-09,U00366,1000033,9.39
2020-09-10,U00234,1000017,93.98
2020-10-26,U00379,1000197,6.54
2020-08-23,U00083,1000041,67.22
2020-03-10,U00026,1000095,10.5
2020-12-14,U00469,1000066,67.09
2020-09-15,U00373,1000198,95.09
2020-08-21,U00325,1000176,51.55
2020-05-14,U00054,1000159,78.95
2020-10-28,U00093,1000067,9.7
2020-06-21,U00277,1000058,55.46
2020-08-05,U00403,1000173,49.1
2020-03-11,U00258,1000016,21.91
2020-06-20,U00020,1000149,78.5
2020-06-13,U00201,1000194,55.17
2020-12-09,U00468,1000129,73.12
2020-03-08,U00248,1000063,63.96
2020-08-19,U00393,1000019,79.68
2020-02-05,U00043,1000022,97.06
2020-02-17,U00234,1000131,8.94
2020-12-12,U00352,1000141,44.1
2020-12-20,U00025,1000171,91.14
2020-02-15,U00437,1000012,86.12
2020-08-10,U00355,1000009,80.01
2020-04-20,U00077,1000090,14.74
2020-10-20,U00128,1000177,38.37
2020-10-11,U00376,1000195,15.28
2020-02-06,U00089,1000036,90.1
2020-07-24,U00130,1000063,25.71
2020-08-06,U00083,1000005,38.91
2020-05-05,U00073,1000028,40.31
2020-07-22,U00164,1000175,81.23
2020-10-21,U00195,1000049,90.42
2020-12-24,U00000,1000177,55.72
2020-04-07,U00499,1000074,32.68
2020-08-27,U00009,1000078,52.21
2020-09-16,U00260,1000153,59.53
2020-06-01,U00138,1000118,6.96
2020-03-01,U00440,1000095,62.7
2020-07-25,U00259,1000175,37.84
2020-10-25,U00447,1000080,22.81
2020-11-15,U00254,1000065,63.65
2020-03-13,U00218,1000162,66.85
2020-03-20,U00379,1000081,43.93
2020-05-06,U00231,1000127,49.57
2020-03-06,U00466,1000091,58.32
2020-01-14,U00041,1000102,37.83
2020-02-05,U00414,1000154,17.58
2020-11-12,U00293,1000185,92.18
2020-03-19,U00146,1000029,11.71
2020-07-07,U00021,1000038,60.59
2020-06-25,U00340,1000179,59.67
2020-04-14,U00125,1000118,67.83
2020-03-21,U00209,1000044,82.71
2020-12-10,U00340,1000195,94.67
2020-01-14,U00193,1000019,36.51
2020-05-20,U00263,1000006,65.75
2020-09-11,U00049,1000049,24.25
2020-02-08,U00335,1000137,76.47
2020-01-02,U00139,1000146,55.24
2020-04-23,U00438,1000040,11.04
2020-11-03,U00090,1000038,13.87
2020-03-26,U00039,1000095,75.42
2020-09-22,U00466,1000028,71.86
2020-09-05,U00445,1000111,56.08
2020-09-16,U00205,1000076,89.0
2020-02-25,U00298,1000028,54.9
2020-05-18,U00275,1000014,41.61
2020-05-25,U00068,1000172,5.09
2020-07-06,U00291,1000128,91.06
2020-08-15,U00326,1000134,50.16
2020-06-17,U00167,1000198,74.25
2020-07-21,U00205,1000072,93.9
2020-07-24,U00159,1000198,75.06
2020-10-14,U00370,1000033,25.46
2020-11-06,U00057,1000156,18.25
2020-07-26,U00074,1000045,12.06
